{
  "resourceType" : "CodeSystem",
  "id" : "3e9e585c-f011-4231-bfae-839bd19a21d7-35",
  "url" : "http://hl7.org/fhir/comparison/CodeSystem/3e9e585c-f011-4231-bfae-839bd19a21d7-35",
  "name" : "UnionCSRazonNOinmunizacionCLAndCSRazonNOinmunizacionCL",
  "title" : "Union of Razones no Inmunización And Razones no Inmunización",
  "status" : "active",
  "date" : "2024-06-26T18:33:49-04:00",
  "jurisdiction" : [{
    "coding" : [{
      "system" : "urn:iso:std:iso:3166",
      "code" : "CL",
      "display" : "Chile"
    }]
  }],
  "concept" : [{
    "code" : "solicitudPaci",
    "display" : "Solicitud del paciente"
  },
  {
    "code" : "otras",
    "display" : "Otras"
  },
  {
    "code" : "contraindicación",
    "display" : "Contraindicación"
  },
  {
    "code" : "solicitudPad",
    "display" : "Solicitud de los Padres"
  }]
}