{
  "resourceType" : "CodeSystem",
  "id" : "f07773fd-a62c-443b-9d8b-9c1cd3a80f69-36",
  "url" : "http://hl7.org/fhir/comparison/CodeSystem/f07773fd-a62c-443b-9d8b-9c1cd3a80f69-36",
  "name" : "IntersectionCSSexoListadoDeisAndCSSexoListadoDeis",
  "title" : "Intersection of Sexo Listado Deis And Sexo Listado Deis",
  "status" : "active",
  "date" : "2024-06-25T09:03:25-04:00",
  "jurisdiction" : [{
    "coding" : [{
      "system" : "urn:iso:std:iso:3166",
      "code" : "CL",
      "display" : "Chile"
    }]
  }],
  "concept" : [{
    "code" : "1",
    "display" : "Hombre"
  },
  {
    "code" : "2",
    "display" : "Mujer"
  },
  {
    "code" : "3",
    "display" : "Intersexual"
  },
  {
    "code" : "93",
    "display" : "No Informado"
  },
  {
    "code" : "99",
    "display" : "Desconocido"
  }]
}