{
  "resourceType" : "CodeSystem",
  "id" : "73c3333d-5bdf-4abd-b7c3-e8c82167c8e5-36",
  "url" : "http://hl7.org/fhir/comparison/CodeSystem/73c3333d-5bdf-4abd-b7c3-e8c82167c8e5-36",
  "name" : "IntersectionCSRazonNOinmunizacionCLAndCSRazonNOinmunizacionCL",
  "title" : "Intersection of Razones no Inmunización And Razones no Inmunización",
  "status" : "active",
  "date" : "2024-06-27T08:59:40-04:00",
  "jurisdiction" : [{
    "coding" : [{
      "system" : "urn:iso:std:iso:3166",
      "code" : "CL",
      "display" : "Chile"
    }]
  }],
  "concept" : [{
    "code" : "solicitudPaci",
    "display" : "Solicitud del paciente"
  },
  {
    "code" : "otras",
    "display" : "Otras"
  },
  {
    "code" : "contraindicación",
    "display" : "Contraindicación"
  },
  {
    "code" : "solicitudPad",
    "display" : "Solicitud de los Padres"
  }]
}