{
  "resourceType" : "CodeSystem",
  "id" : "e8d03331-55ec-4e79-a0ba-4f2c2583ed7e-48",
  "url" : "http://hl7.org/fhir/comparison/CodeSystem/e8d03331-55ec-4e79-a0ba-4f2c2583ed7e-48",
  "name" : "IntersectionCSSexoListadoDeisAndCSSexoListadoDeis",
  "title" : "Intersection of Sexo Listado Deis And Sexo Listado Deis",
  "status" : "active",
  "date" : "2024-06-21T18:30:42-04:00",
  "jurisdiction" : [{
    "coding" : [{
      "system" : "urn:iso:std:iso:3166",
      "code" : "CL",
      "display" : "Chile"
    }]
  }],
  "concept" : [{
    "code" : "1",
    "display" : "Hombre"
  },
  {
    "code" : "2",
    "display" : "Mujer"
  },
  {
    "code" : "3",
    "display" : "Intersexual"
  },
  {
    "code" : "93",
    "display" : "No Informado"
  },
  {
    "code" : "99",
    "display" : "Desconocido"
  }]
}