{
  "resourceType" : "CodeSystem",
  "id" : "cc7c5ed3-ec34-4a4f-a6a1-a9dc3e5d8407-38",
  "url" : "http://hl7.org/fhir/comparison/CodeSystem/cc7c5ed3-ec34-4a4f-a6a1-a9dc3e5d8407-38",
  "name" : "UnionCSSexoListadoDeisAndCSSexoListadoDeis",
  "title" : "Union of Sexo Listado Deis And Sexo Listado Deis",
  "status" : "active",
  "date" : "2024-07-26T10:56:05-04:00",
  "jurisdiction" : [{
    "coding" : [{
      "system" : "urn:iso:std:iso:3166",
      "code" : "CL",
      "display" : "Chile"
    }]
  }],
  "concept" : [{
    "code" : "1",
    "display" : "Hombre"
  },
  {
    "code" : "2",
    "display" : "Mujer"
  },
  {
    "code" : "3",
    "display" : "Intersexual"
  },
  {
    "code" : "93",
    "display" : "No Informado"
  },
  {
    "code" : "99",
    "display" : "Desconocido"
  }]
}