{
  "resourceType" : "CodeSystem",
  "id" : "c408b120-c75a-4203-9d9a-ee9149424ce4-48",
  "url" : "http://hl7.org/fhir/comparison/CodeSystem/c408b120-c75a-4203-9d9a-ee9149424ce4-48",
  "name" : "IntersectionCSSexoListadoDeisAndCSSexoListadoDeis",
  "title" : "Intersection of Sexo Listado Deis And Sexo Listado Deis",
  "status" : "active",
  "date" : "2024-06-23T21:41:37-04:00",
  "jurisdiction" : [{
    "coding" : [{
      "system" : "urn:iso:std:iso:3166",
      "code" : "CL",
      "display" : "Chile"
    }]
  }],
  "concept" : [{
    "code" : "1",
    "display" : "Hombre"
  },
  {
    "code" : "2",
    "display" : "Mujer"
  },
  {
    "code" : "3",
    "display" : "Intersexual"
  },
  {
    "code" : "93",
    "display" : "No Informado"
  },
  {
    "code" : "99",
    "display" : "Desconocido"
  }]
}