{
  "resourceType" : "CodeSystem",
  "id" : "9c9e5dae-fe4d-4da8-aca8-01902e4f5b2a-45",
  "url" : "http://hl7.org/fhir/comparison/CodeSystem/9c9e5dae-fe4d-4da8-aca8-01902e4f5b2a-45",
  "name" : "IntersectionCSRazonNOinmunizacionCLAndCSRazonNOinmunizacionCL",
  "title" : "Intersection of Razones no Inmunización And Razones no Inmunización",
  "status" : "active",
  "date" : "2024-06-17T14:21:50-04:00",
  "jurisdiction" : [{
    "coding" : [{
      "system" : "urn:iso:std:iso:3166",
      "code" : "CL",
      "display" : "Chile"
    }]
  }],
  "concept" : [{
    "code" : "solicitudPaci",
    "display" : "Solicitud del paciente"
  },
  {
    "code" : "otras",
    "display" : "Otras"
  },
  {
    "code" : "contraindicación",
    "display" : "Contraindicación"
  },
  {
    "code" : "solicitudPad",
    "display" : "Solicitud de los Padres"
  }]
}