{
  "resourceType" : "CodeSystem",
  "id" : "675236fb-5fc5-4109-b3e1-7bcf58b352c7-44",
  "url" : "http://hl7.org/fhir/comparison/CodeSystem/675236fb-5fc5-4109-b3e1-7bcf58b352c7-44",
  "name" : "UnionCSRazonNOinmunizacionCLAndCSRazonNOinmunizacionCL",
  "title" : "Union of Razones no Inmunización And Razones no Inmunización",
  "status" : "active",
  "date" : "2024-06-13T17:23:50-04:00",
  "jurisdiction" : [{
    "coding" : [{
      "system" : "urn:iso:std:iso:3166",
      "code" : "CL",
      "display" : "Chile"
    }]
  }],
  "concept" : [{
    "code" : "solicitudPaci",
    "display" : "Solicitud del paciente"
  },
  {
    "code" : "otras",
    "display" : "Otras"
  },
  {
    "code" : "contraindicación",
    "display" : "Contraindicación"
  },
  {
    "code" : "solicitudPad",
    "display" : "Solicitud de los Padres"
  }]
}