{
  "resourceType" : "CodeSystem",
  "id" : "09e2c5e1-b86a-473a-82b7-156f6f2349f5-6",
  "url" : "http://hl7.org/fhir/comparison/CodeSystem/09e2c5e1-b86a-473a-82b7-156f6f2349f5-6",
  "name" : "IntersectionCSCodMadurezAndCSCodMadurez",
  "title" : "Intersection of Códigos de grado de madurez del artefacto And Códigos de grado de madurez del artefacto",
  "status" : "active",
  "date" : "2024-08-13T08:05:45-04:00",
  "jurisdiction" : [{
    "coding" : [{
      "system" : "urn:iso:std:iso:3166",
      "code" : "CL",
      "display" : "Chile"
    }]
  }],
  "concept" : [{
    "code" : "1",
    "display" : "1"
  },
  {
    "code" : "2",
    "display" : "2"
  },
  {
    "code" : "3",
    "display" : "3"
  },
  {
    "code" : "4",
    "display" : "4"
  },
  {
    "code" : "N",
    "display" : "N"
  }]
}