{
  "resourceType" : "CodeSystem",
  "id" : "675236fb-5fc5-4109-b3e1-7bcf58b352c7-50",
  "url" : "http://hl7.org/fhir/comparison/CodeSystem/675236fb-5fc5-4109-b3e1-7bcf58b352c7-50",
  "name" : "UnionCSTipoIdentificadorAndCSTipoIdentificador",
  "title" : "Union of Tipo Identificador And Tipo Identificador",
  "status" : "active",
  "date" : "2024-06-13T17:23:50-04:00",
  "jurisdiction" : [{
    "coding" : [{
      "system" : "urn:iso:std:iso:3166",
      "code" : "CL",
      "display" : "Chile"
    }]
  }],
  "concept" : [{
    "code" : "01",
    "display" : "Rol Único Nacional o RUN",
    "definition" : "Rol Único Nacional"
  },
  {
    "code" : "02",
    "display" : "RUN provisorio (Artículo 44)",
    "definition" : "RUN provisorio (Artículo 44)"
  },
  {
    "code" : "03",
    "display" : "RUN madre (para recién nacido)",
    "definition" : "RUN Madre (para recién nacido)"
  },
  {
    "code" : "04",
    "display" : "Número Folio Comprobante de Parto chileno",
    "definition" : "Número Folio Comprobante de Parto chileno"
  },
  {
    "code" : "05",
    "display" : "Pasaporte",
    "definition" : "Pasaporte"
  },
  {
    "code" : "06",
    "display" : "Documento de identificación del país de origen",
    "definition" : "Documento de identificación del país de origen"
  },
  {
    "code" : "07",
    "display" : "Acta de nacimiento del país de origen",
    "definition" : "Acta de nacimiento del país de origen"
  },
  {
    "code" : "08",
    "display" : "Número de Identificación Provisorio (NIP)",
    "definition" : "Número de Identificación Provisorio (NIP)"
  },
  {
    "code" : "09",
    "display" : "Número Identificatorio para cotizar (NIC)",
    "definition" : "Número Identificatorio para cotizar (NIC)"
  },
  {
    "code" : "10",
    "display" : "Identificación Provisoria del Apoderado (IPA)",
    "definition" : "Identificación Provisoria del Apoderado (IPA)"
  },
  {
    "code" : "11",
    "display" : "Identificación Provisoria del Escolar (IPE)",
    "definition" : "Identificación Provisoria del Escolar (IPE)"
  },
  {
    "code" : "12",
    "display" : "Número de Ficha Clínica Sistema Local",
    "definition" : "Número de Ficha Clínica Sistema Local"
  },
  {
    "code" : "13",
    "display" : "RNPI",
    "definition" : "Registro Nacional de Prestadores Individuales"
  },
  {
    "code" : "14",
    "display" : "OTRO",
    "definition" : "Otro tipo de identificador"
  }]
}