{
  "resourceType" : "CodeSystem",
  "id" : "3a7ae2cd-e24b-4715-a6bb-3cdeea4cf12b-35",
  "url" : "http://hl7.org/fhir/comparison/CodeSystem/3a7ae2cd-e24b-4715-a6bb-3cdeea4cf12b-35",
  "name" : "UnionCSRazonNOinmunizacionCLAndCSRazonNOinmunizacionCL",
  "title" : "Union of Razones no Inmunización And Razones no Inmunización",
  "status" : "active",
  "date" : "2024-07-18T16:08:16-04:00",
  "jurisdiction" : [{
    "coding" : [{
      "system" : "urn:iso:std:iso:3166",
      "code" : "CL",
      "display" : "Chile"
    }]
  }],
  "concept" : [{
    "code" : "solicitudPaci",
    "display" : "Solicitud del paciente"
  },
  {
    "code" : "otras",
    "display" : "Otras"
  },
  {
    "code" : "contraindicación",
    "display" : "Contraindicación"
  },
  {
    "code" : "solicitudPad",
    "display" : "Solicitud de los Padres"
  }]
}