{
  "resourceType" : "CodeSystem",
  "id" : "f07773fd-a62c-443b-9d8b-9c1cd3a80f69-18",
  "url" : "http://hl7.org/fhir/comparison/CodeSystem/f07773fd-a62c-443b-9d8b-9c1cd3a80f69-18",
  "name" : "IntersectionCSCodServicioCLAndCSCodServicioCL",
  "title" : "Intersection of Tipos de Servicios Remotos And Tipos de Servicios Remotos",
  "status" : "active",
  "date" : "2024-06-25T09:03:25-04:00",
  "jurisdiction" : [{
    "coding" : [{
      "system" : "urn:iso:std:iso:3166",
      "code" : "CL",
      "display" : "Chile"
    }]
  }],
  "concept" : [{
    "code" : "nutINTA",
    "display" : "Nutrición INTA"
  },
  {
    "code" : "nedINTA",
    "display" : "Medicina INTA"
  },
  {
    "code" : "medInt",
    "display" : "Medicina Interna"
  },
  {
    "code" : "saludMDigital",
    "display" : "Salud Mental Digital"
  },
  {
    "code" : "medGen",
    "display" : "Medicina General"
  },
  {
    "code" : "derm",
    "display" : "Dermatología"
  },
  {
    "code" : "telDiabetes",
    "display" : "Telemedicina Diabetes"
  },
  {
    "code" : "telRehab",
    "display" : "Tele rehabilitación"
  },
  {
    "code" : "otorrin",
    "display" : "Otorrinolaringología"
  },
  {
    "code" : "neurInf",
    "display" : "Neurología Infantil"
  },
  {
    "code" : "atencUrgAPS",
    "display" : "Atención de Urgencia APS"
  },
  {
    "code" : "vih",
    "display" : "VIH"
  },
  {
    "code" : "geri",
    "display" : "Geriatría"
  },
  {
    "code" : "gine",
    "display" : "Ginecología"
  }]
}