{
  "resourceType" : "CodeSystem",
  "id" : "c408b120-c75a-4203-9d9a-ee9149424ce4-6",
  "url" : "http://hl7.org/fhir/comparison/CodeSystem/c408b120-c75a-4203-9d9a-ee9149424ce4-6",
  "name" : "IntersectionCSCodMadurezAndCSCodMadurez",
  "title" : "Intersection of Códigos de grado de madurez del artefacto And Códigos de grado de madurez del artefacto",
  "status" : "active",
  "date" : "2024-06-23T21:41:37-04:00",
  "jurisdiction" : [{
    "coding" : [{
      "system" : "urn:iso:std:iso:3166",
      "code" : "CL",
      "display" : "Chile"
    }]
  }],
  "concept" : [{
    "code" : "1",
    "display" : "1"
  },
  {
    "code" : "2",
    "display" : "2"
  },
  {
    "code" : "3",
    "display" : "3"
  },
  {
    "code" : "4",
    "display" : "4"
  },
  {
    "code" : "N",
    "display" : "N"
  }]
}