{
  "resourceType" : "CodeSystem",
  "id" : "f07773fd-a62c-443b-9d8b-9c1cd3a80f69-30",
  "url" : "http://hl7.org/fhir/comparison/CodeSystem/f07773fd-a62c-443b-9d8b-9c1cd3a80f69-30",
  "name" : "IntersectionCSIdentidaddeGeneroAndCSIdentidaddeGenero",
  "title" : "Intersection of Identidad de Genero And Identidad de Genero",
  "status" : "active",
  "date" : "2024-06-25T09:03:25-04:00",
  "jurisdiction" : [{
    "coding" : [{
      "system" : "urn:iso:std:iso:3166",
      "code" : "CL",
      "display" : "Chile"
    }]
  }],
  "concept" : [{
    "code" : "1",
    "display" : "Masculino"
  },
  {
    "code" : "2",
    "display" : "Femenina"
  },
  {
    "code" : "3",
    "display" : "Transgénero Masculino"
  },
  {
    "code" : "4",
    "display" : "Transgénero Femenina"
  },
  {
    "code" : "5",
    "display" : "No binarie"
  },
  {
    "code" : "6",
    "display" : "Otra"
  },
  {
    "code" : "7",
    "display" : "No Revelado"
  }]
}