{
  "resourceType" : "CodeSystem",
  "id" : "cc7c5ed3-ec34-4a4f-a6a1-a9dc3e5d8407-33",
  "url" : "http://hl7.org/fhir/comparison/CodeSystem/cc7c5ed3-ec34-4a4f-a6a1-a9dc3e5d8407-33",
  "name" : "IntersectionCSNombreCampanaCLAndCSNombreCampanaCL",
  "title" : "Intersection of Campañas Inmunización And Campañas Inmunización",
  "status" : "active",
  "date" : "2024-07-26T10:56:05-04:00",
  "jurisdiction" : [{
    "coding" : [{
      "system" : "urn:iso:std:iso:3166",
      "code" : "CL",
      "display" : "Chile"
    }]
  }],
  "concept" : [{
    "code" : "campanSARSCov_2_AstraZ",
    "display" : "Campaña SARS-CoV-2 (AstraZeneca)"
  },
  {
    "code" : "campanSARSCov_2_Cansino",
    "display" : "Campaña SARS-CoV-2 (CanSino)"
  },
  {
    "code" : "campanSARSCov_2_Intern",
    "display" : "Campaña SARS-CoV-2 (Internacional)"
  },
  {
    "code" : "campanSARSCov_2_Janssen",
    "display" : "Campaña SARS-CoV-2 (Janssen)"
  },
  {
    "code" : "campanSARSCov_2_Moderna",
    "display" : "Campaña SARS-CoV-2 (Moderna)"
  },
  {
    "code" : "campanSARSCov_2_Pfizer",
    "display" : "Campaña SARS-CoV-2 (Pfizer)"
  },
  {
    "code" : "campanSARSCov_2_Sinovac",
    "display" : "Campaña SARS-CoV-2 (Sinovac)"
  },
  {
    "code" : "campanSRP20_40",
    "display" : "Campaña SRP 20 - 24 años"
  },
  {
    "code" : "estratCapullo",
    "display" : "Estrategia Capullo"
  },
  {
    "code" : "estratCapullo2013",
    "display" : "Estrategia Capullo 2013"
  },
  {
    "code" : "estratMeningocócica",
    "display" : "Estrategia Meningocócica"
  },
  {
    "code" : "hepatiA",
    "display" : "Hepatitis A"
  },
  {
    "code" : "hepatiA2012",
    "display" : "Hepatitis A 2012"
  },
  {
    "code" : "hepatiApost_Terr",
    "display" : "Hepatitis A post-terremoto"
  },
  {
    "code" : "hepatiAar_Tar_Bio",
    "display" : "Hepatitis A, Arica-Tarapacá-Bíobío"
  },
  {
    "code" : "hepatiABrote_Conting",
    "display" : "Hepatitis A,Brote/Contingencia"
  },
  {
    "code" : "influenza2010",
    "display" : "Influenza 2010"
  },
  {
    "code" : "influenza2011",
    "display" : "Influenza 2011"
  },
  {
    "code" : "influenza2012",
    "display" : "Influenza 2012"
  },
  {
    "code" : "influenza2013",
    "display" : "Influenza 2013"
  },
  {
    "code" : "influenza2014",
    "display" : "Influenza 2014"
  },
  {
    "code" : "influenza2015",
    "display" : "Influenza 2015"
  },
  {
    "code" : "influenza2016",
    "display" : "Influenza 2016"
  },
  {
    "code" : "influenza2017",
    "display" : "Influenza 2017"
  },
  {
    "code" : "influenza2018",
    "display" : "Influenza 2018"
  },
  {
    "code" : "influenza2019",
    "display" : "Influenza 2019"
  },
  {
    "code" : "influenza2020",
    "display" : "Influenza 2020"
  },
  {
    "code" : "influenza2021",
    "display" : "Influenza 2021"
  },
  {
    "code" : "influenza2022",
    "display" : "Influenza 2022"
  },
  {
    "code" : "sarampRubeoPaperas",
    "display" : "Sarampión-Rubeóla-Paperas"
  },
  {
    "code" : "SRPCampanSeguim2015",
    "display" : "SRP - Campaña de Seguimiento - 2015"
  },
  {
    "code" : "SRPFuncSaludyPuestosFronteriz",
    "display" : "SRP - Funcionarios de salud y Puestos Fronterizos"
  },
  {
    "code" : "SRPCampanSeguim2020",
    "display" : "SRP- Campaña de seguimiento- 2020"
  },
  {
    "code" : "SRPdelViajero",
    "display" : "SRP del viajero"
  },
  {
    "code" : "tosConvul_brote_conting",
    "display" : "Tos Convulsiva Brote-Contingencia"
  },
  {
    "code" : "vacunaFiebAmar",
    "display" : "Vacuna Fiebre Amarilla"
  }]
}