{
  "resourceType" : "CodeSystem",
  "id" : "4cc67c92-2ec3-42e4-bf30-2a6630f54890-44",
  "url" : "http://hl7.org/fhir/comparison/CodeSystem/4cc67c92-2ec3-42e4-bf30-2a6630f54890-44",
  "name" : "UnionCSTiposEncuentroCLAndCSTiposEncuentroCL",
  "title" : "Union of Tipos de Encuentro And Tipos de Encuentro",
  "status" : "active",
  "date" : "2024-08-07T14:23:29-04:00",
  "jurisdiction" : [{
    "coding" : [{
      "system" : "urn:iso:std:iso:3166",
      "code" : "CL",
      "display" : "Chile"
    }]
  }],
  "concept" : [{
    "code" : "PR",
    "display" : "Programada"
  },
  {
    "code" : "SP",
    "display" : "Espontánea"
  },
  {
    "code" : "CO",
    "display" : "Comité"
  }]
}