{
  "resourceType" : "CodeSystem",
  "id" : "c65fcd6f-6da1-43b2-ab22-ef5a9ea81ed6-39",
  "url" : "http://hl7.org/fhir/comparison/CodeSystem/c65fcd6f-6da1-43b2-ab22-ef5a9ea81ed6-39",
  "name" : "IntersectionCSSexoListadoDeisAndCSSexoListadoDeis",
  "title" : "Intersection of Sexo Listado Deis And Sexo Listado Deis",
  "status" : "active",
  "date" : "2024-08-05T12:01:30-04:00",
  "jurisdiction" : [{
    "coding" : [{
      "system" : "urn:iso:std:iso:3166",
      "code" : "CL",
      "display" : "Chile"
    }]
  }],
  "concept" : [{
    "code" : "1",
    "display" : "Hombre"
  },
  {
    "code" : "2",
    "display" : "Mujer"
  },
  {
    "code" : "3",
    "display" : "Intersexual"
  },
  {
    "code" : "93",
    "display" : "No Informado"
  },
  {
    "code" : "99",
    "display" : "Desconocido"
  }]
}