{
  "resourceType" : "CodeSystem",
  "id" : "09e2c5e1-b86a-473a-82b7-156f6f2349f5-39",
  "url" : "http://hl7.org/fhir/comparison/CodeSystem/09e2c5e1-b86a-473a-82b7-156f6f2349f5-39",
  "name" : "IntersectionCSSexoListadoDeisAndCSSexoListadoDeis",
  "title" : "Intersection of Sexo Listado Deis And Sexo Listado Deis",
  "status" : "active",
  "date" : "2024-08-13T08:05:45-04:00",
  "jurisdiction" : [{
    "coding" : [{
      "system" : "urn:iso:std:iso:3166",
      "code" : "CL",
      "display" : "Chile"
    }]
  }],
  "concept" : [{
    "code" : "1",
    "display" : "Hombre"
  },
  {
    "code" : "2",
    "display" : "Mujer"
  },
  {
    "code" : "3",
    "display" : "Intersexual"
  },
  {
    "code" : "93",
    "display" : "No Informado"
  },
  {
    "code" : "99",
    "display" : "Desconocido"
  }]
}