{
  "resourceType" : "CodeSystem",
  "id" : "7dc7aa62-b1bf-43b5-afed-156a0896b780-54",
  "url" : "http://hl7.org/fhir/comparison/CodeSystem/7dc7aa62-b1bf-43b5-afed-156a0896b780-54",
  "name" : "IntersectionCSTiposEncuentroCLAndCSTiposEncuentroCL",
  "title" : "Intersection of Tipos de Encuentro And Tipos de Encuentro",
  "status" : "active",
  "date" : "2024-05-08T11:46:42-04:00",
  "jurisdiction" : [{
    "coding" : [{
      "system" : "urn:iso:std:iso:3166",
      "code" : "CL",
      "display" : "Chile"
    }]
  }],
  "concept" : [{
    "code" : "PR",
    "display" : "Programada"
  },
  {
    "code" : "SP",
    "display" : "Espontánea"
  },
  {
    "code" : "CO",
    "display" : "Comité"
  }]
}