{
  "resourceType" : "CodeSystem",
  "id" : "c408b120-c75a-4203-9d9a-ee9149424ce4-38",
  "url" : "http://hl7.org/fhir/comparison/CodeSystem/c408b120-c75a-4203-9d9a-ee9149424ce4-38",
  "name" : "UnionCSPrevisionAndCSPrevision",
  "title" : "Union of Prevision And Prevision",
  "status" : "active",
  "date" : "2024-06-23T21:41:37-04:00",
  "jurisdiction" : [{
    "coding" : [{
      "system" : "urn:iso:std:iso:3166",
      "code" : "CL",
      "display" : "Chile"
    }]
  }],
  "concept" : [{
    "code" : "01",
    "display" : "FONASA"
  },
  {
    "code" : "02",
    "display" : "ISAPRE"
  },
  {
    "code" : "03",
    "display" : "CAPREDENA"
  },
  {
    "code" : "04",
    "display" : "DIPRECA"
  },
  {
    "code" : "05",
    "display" : "SISA"
  },
  {
    "code" : "96",
    "display" : "NINGUNA"
  },
  {
    "code" : "99",
    "display" : "DESCONOCIDO"
  }]
}