{
  "resourceType" : "CodeSystem",
  "id" : "1d92ff7f-885a-499e-97a2-b865570afaa2-30",
  "url" : "http://hl7.org/fhir/comparison/CodeSystem/1d92ff7f-885a-499e-97a2-b865570afaa2-30",
  "name" : "IntersectionCSIdentidaddeGeneroAndCSIdentidaddeGenero",
  "title" : "Intersection of Identidad de Genero And Identidad de Genero",
  "status" : "active",
  "date" : "2024-08-06T12:36:18-04:00",
  "jurisdiction" : [{
    "coding" : [{
      "system" : "urn:iso:std:iso:3166",
      "code" : "CL",
      "display" : "Chile"
    }]
  }],
  "concept" : [{
    "code" : "1",
    "display" : "Masculino"
  },
  {
    "code" : "2",
    "display" : "Femenina"
  },
  {
    "code" : "3",
    "display" : "Transgénero Masculino"
  },
  {
    "code" : "4",
    "display" : "Transgénero Femenina"
  },
  {
    "code" : "5",
    "display" : "No binarie"
  },
  {
    "code" : "6",
    "display" : "Otra"
  },
  {
    "code" : "7",
    "display" : "No Revelado"
  }]
}