{
  "resourceType" : "CodeSystem",
  "id" : "4af440d3-2a6e-45f7-a25f-a865e277bf60-36",
  "url" : "http://hl7.org/fhir/comparison/CodeSystem/4af440d3-2a6e-45f7-a25f-a865e277bf60-36",
  "name" : "IntersectionCSRazonNOinmunizacionCLAndCSRazonNOinmunizacionCL",
  "title" : "Intersection of Razones no Inmunización And Razones no Inmunización",
  "status" : "active",
  "date" : "2024-07-29T12:24:22-04:00",
  "jurisdiction" : [{
    "coding" : [{
      "system" : "urn:iso:std:iso:3166",
      "code" : "CL",
      "display" : "Chile"
    }]
  }],
  "concept" : [{
    "code" : "solicitudPaci",
    "display" : "Solicitud del paciente"
  },
  {
    "code" : "otras",
    "display" : "Otras"
  },
  {
    "code" : "contraindicación",
    "display" : "Contraindicación"
  },
  {
    "code" : "solicitudPad",
    "display" : "Solicitud de los Padres"
  }]
}