{
  "resourceType" : "CodeSystem",
  "id" : "3e9e585c-f011-4231-bfae-839bd19a21d7-29",
  "url" : "http://hl7.org/fhir/comparison/CodeSystem/3e9e585c-f011-4231-bfae-839bd19a21d7-29",
  "name" : "UnionCSIdentidaddeGeneroAndCSIdentidaddeGenero",
  "title" : "Union of Identidad de Genero And Identidad de Genero",
  "status" : "active",
  "date" : "2024-06-26T18:33:49-04:00",
  "jurisdiction" : [{
    "coding" : [{
      "system" : "urn:iso:std:iso:3166",
      "code" : "CL",
      "display" : "Chile"
    }]
  }],
  "concept" : [{
    "code" : "1",
    "display" : "Masculino"
  },
  {
    "code" : "2",
    "display" : "Femenina"
  },
  {
    "code" : "3",
    "display" : "Transgénero Masculino"
  },
  {
    "code" : "4",
    "display" : "Transgénero Femenina"
  },
  {
    "code" : "5",
    "display" : "No binarie"
  },
  {
    "code" : "6",
    "display" : "Otra"
  },
  {
    "code" : "7",
    "display" : "No Revelado"
  }]
}