{
  "resourceType" : "ValueSet",
  "id" : "c408b120-c75a-4203-9d9a-ee9149424ce4-197",
  "url" : "http://hl7.org/fhir/comparison/ValueSet/c408b120-c75a-4203-9d9a-ee9149424ce4-197",
  "name" : "UnionVSTiposDocClinicoAndVSTiposDocClinico",
  "title" : "Union of Tipos de Documentos Clínicos And Tipos de Documentos Clínicos",
  "status" : "active",
  "date" : "2024-06-23T21:41:37-04:00",
  "jurisdiction" : [{
    "coding" : [{
      "system" : "urn:iso:std:iso:3166",
      "code" : "CL",
      "display" : "Chile"
    }]
  }]
}