{
  "resourceType" : "ValueSet",
  "id" : "4cc67c92-2ec3-42e4-bf30-2a6630f54890-167",
  "url" : "http://hl7.org/fhir/comparison/ValueSet/4cc67c92-2ec3-42e4-bf30-2a6630f54890-167",
  "name" : "UnionVSRazonNOencuentroAndVSRazonNOencuentro",
  "title" : "Union of Razones no Atención Remota And Razones no Atención Remota",
  "status" : "active",
  "date" : "2024-08-07T14:23:29-04:00",
  "jurisdiction" : [{
    "coding" : [{
      "system" : "urn:iso:std:iso:3166",
      "code" : "CL",
      "display" : "Chile"
    }]
  }]
}