{
  "resourceType" : "ValueSet",
  "id" : "c65fcd6f-6da1-43b2-ab22-ef5a9ea81ed6-165",
  "url" : "http://hl7.org/fhir/comparison/ValueSet/c65fcd6f-6da1-43b2-ab22-ef5a9ea81ed6-165",
  "name" : "IntersectionVSNombreCampanaCLAndVSNombreCampanaCL",
  "title" : "Intersection of Campañas de Vacunación And Campañas de Vacunación",
  "status" : "active",
  "date" : "2024-08-05T12:01:30-04:00",
  "jurisdiction" : [{
    "coding" : [{
      "system" : "urn:iso:std:iso:3166",
      "code" : "CL",
      "display" : "Chile"
    }]
  }]
}