{
  "resourceType" : "ValueSet",
  "id" : "3a7ae2cd-e24b-4715-a6bb-3cdeea4cf12b-150",
  "url" : "http://hl7.org/fhir/comparison/ValueSet/3a7ae2cd-e24b-4715-a6bb-3cdeea4cf12b-150",
  "name" : "IntersectionVSCodigosRegionesCLAndVSCodigosRegionesCL",
  "title" : "Intersection of Códigos de Regiones en Chile And Códigos de Regiones en Chile",
  "status" : "active",
  "date" : "2024-07-18T16:08:16-04:00",
  "jurisdiction" : [{
    "coding" : [{
      "system" : "urn:iso:std:iso:3166",
      "code" : "CL",
      "display" : "Chile"
    }]
  }]
}