{
  "resourceType" : "ValueSet",
  "id" : "675236fb-5fc5-4109-b3e1-7bcf58b352c7-212",
  "url" : "http://hl7.org/fhir/comparison/ValueSet/675236fb-5fc5-4109-b3e1-7bcf58b352c7-212",
  "name" : "UnionVSTiposDocumentosAndVSTiposDocumentos",
  "title" : "Union of Tipos de Documentos And Tipos de Documentos",
  "status" : "active",
  "date" : "2024-06-13T17:23:50-04:00",
  "jurisdiction" : [{
    "coding" : [{
      "system" : "urn:iso:std:iso:3166",
      "code" : "CL",
      "display" : "Chile"
    }]
  }]
}