{
  "resourceType" : "ValueSet",
  "id" : "3e9e585c-f011-4231-bfae-839bd19a21d7-149",
  "url" : "http://hl7.org/fhir/comparison/ValueSet/3e9e585c-f011-4231-bfae-839bd19a21d7-149",
  "name" : "UnionVSCodigoslenguajeAndVSCodigoslenguaje",
  "title" : "Union of Codigos Lenguaje And Codigos Lenguaje",
  "status" : "active",
  "date" : "2024-06-26T18:33:49-04:00",
  "jurisdiction" : [{
    "coding" : [{
      "system" : "urn:iso:std:iso:3166",
      "code" : "CL",
      "display" : "Chile"
    }]
  }]
}