{
  "resourceType" : "ValueSet",
  "id" : "f07773fd-a62c-443b-9d8b-9c1cd3a80f69-77",
  "url" : "http://hl7.org/fhir/comparison/ValueSet/f07773fd-a62c-443b-9d8b-9c1cd3a80f69-77",
  "name" : "UnionVSIdentificadoresAndVSTipoIdentificador",
  "title" : "Union of Identificadores And Tipo Identificador",
  "status" : "active",
  "date" : "2024-06-25T09:03:25-04:00",
  "jurisdiction" : [{
    "coding" : [{
      "system" : "urn:iso:std:iso:3166",
      "code" : "CL",
      "display" : "Chile"
    }]
  }]
}