{
  "resourceType" : "ValueSet",
  "id" : "0bc6e5c8-ac3b-46fa-8ac0-7abe9a36b279-170",
  "url" : "http://hl7.org/fhir/comparison/ValueSet/0bc6e5c8-ac3b-46fa-8ac0-7abe9a36b279-170",
  "name" : "UnionVSRazonNOencuentroAndVSRazonNOencuentro",
  "title" : "Union of Razones no Atención Remota And Razones no Atención Remota",
  "status" : "active",
  "date" : "2024-06-24T20:57:20-04:00",
  "jurisdiction" : [{
    "coding" : [{
      "system" : "urn:iso:std:iso:3166",
      "code" : "CL",
      "display" : "Chile"
    }]
  }]
}