{
  "resourceType" : "ValueSet",
  "id" : "73c3333d-5bdf-4abd-b7c3-e8c82167c8e5-162",
  "url" : "http://hl7.org/fhir/comparison/ValueSet/73c3333d-5bdf-4abd-b7c3-e8c82167c8e5-162",
  "name" : "IntersectionVSNombreCampanaCLAndVSNombreCampanaCL",
  "title" : "Intersection of Campañas de Vacunación And Campañas de Vacunación",
  "status" : "active",
  "date" : "2024-06-27T08:59:40-04:00",
  "jurisdiction" : [{
    "coding" : [{
      "system" : "urn:iso:std:iso:3166",
      "code" : "CL",
      "display" : "Chile"
    }]
  }]
}