{
  "resourceType" : "ValueSet",
  "id" : "e2aa87b2-eed2-44a5-a4a7-81b71de56106-173",
  "url" : "http://hl7.org/fhir/comparison/ValueSet/e2aa87b2-eed2-44a5-a4a7-81b71de56106-173",
  "name" : "UnionVSTiposDocClinicoAndVSTiposDocClinico",
  "title" : "Union of Tipos de Documentos Clínicos And Tipos de Documentos Clínicos",
  "status" : "active",
  "date" : "2024-06-25T09:29:57-04:00",
  "jurisdiction" : [{
    "coding" : [{
      "system" : "urn:iso:std:iso:3166",
      "code" : "CL",
      "display" : "Chile"
    }]
  }]
}