{
  "resourceType" : "ValueSet",
  "id" : "9c9e5dae-fe4d-4da8-aca8-01902e4f5b2a-158",
  "url" : "http://hl7.org/fhir/comparison/ValueSet/9c9e5dae-fe4d-4da8-aca8-01902e4f5b2a-158",
  "name" : "UnionVSCodigosRegionesCLAndVSCodigosRegionesCL",
  "title" : "Union of Códigos de Regiones en Chile And Códigos de Regiones en Chile",
  "status" : "active",
  "date" : "2024-06-17T14:21:50-04:00",
  "jurisdiction" : [{
    "coding" : [{
      "system" : "urn:iso:std:iso:3166",
      "code" : "CL",
      "display" : "Chile"
    }]
  }]
}