{
  "resourceType" : "ValueSet",
  "id" : "e8d03331-55ec-4e79-a0ba-4f2c2583ed7e-156",
  "url" : "http://hl7.org/fhir/comparison/ValueSet/e8d03331-55ec-4e79-a0ba-4f2c2583ed7e-156",
  "name" : "IntersectionVSCodigosProvinciasCLAndVSCodigosProvinciasCL",
  "title" : "Intersection of Códigos de Provincias en Chile And Códigos de Provincias en Chile",
  "status" : "active",
  "date" : "2024-06-21T18:30:42-04:00",
  "jurisdiction" : [{
    "coding" : [{
      "system" : "urn:iso:std:iso:3166",
      "code" : "CL",
      "display" : "Chile"
    }]
  }]
}