{
  "resourceType" : "ValueSet",
  "id" : "7dc7aa62-b1bf-43b5-afed-156a0896b780-177",
  "url" : "http://hl7.org/fhir/comparison/ValueSet/7dc7aa62-b1bf-43b5-afed-156a0896b780-177",
  "name" : "IntersectionVSCodigoslenguajeAndVSCodigoslenguaje",
  "title" : "Intersection of Codigos Lenguaje And Codigos Lenguaje",
  "status" : "active",
  "date" : "2024-05-08T11:46:42-04:00",
  "jurisdiction" : [{
    "coding" : [{
      "system" : "urn:iso:std:iso:3166",
      "code" : "CL",
      "display" : "Chile"
    }]
  }]
}