{
  "resourceType" : "ValueSet",
  "id" : "a036e0c2-c900-455e-8e66-8f832c863e92-168",
  "url" : "http://hl7.org/fhir/comparison/ValueSet/a036e0c2-c900-455e-8e66-8f832c863e92-168",
  "name" : "IntersectionVSRazonNOencuentroAndVSRazonNOencuentro",
  "title" : "Intersection of Razones no Atención Remota And Razones no Atención Remota",
  "status" : "active",
  "date" : "2024-08-06T16:31:28-04:00",
  "jurisdiction" : [{
    "coding" : [{
      "system" : "urn:iso:std:iso:3166",
      "code" : "CL",
      "display" : "Chile"
    }]
  }]
}