{
  "resourceType" : "ValueSet",
  "id" : "0bc6e5c8-ac3b-46fa-8ac0-7abe9a36b279-155",
  "url" : "http://hl7.org/fhir/comparison/ValueSet/0bc6e5c8-ac3b-46fa-8ac0-7abe9a36b279-155",
  "name" : "UnionVSDiagnosticosSCTAndVSDiagnosticosSCT",
  "title" : "Union of Diagnósticos SNOMED y Ausente o Desconocido And Diagnósticos SNOMED y Ausente o Desconocido",
  "status" : "active",
  "date" : "2024-06-24T20:57:20-04:00",
  "jurisdiction" : [{
    "coding" : [{
      "system" : "urn:iso:std:iso:3166",
      "code" : "CL",
      "display" : "Chile"
    }]
  }],
  "compose" : {
    "include" : [{
      "system" : "http://snomed.info/sct"
    },
    {
      "system" : "https://hl7.org/fhir/uv/ips/STU1.1/CodeSystem-absent-unknown-uv-ips.html"
    },
    {
      "system" : "http://snomed.info/sct",
      "filter" : [{
        "property" : "concept",
        "op" : "descendent-of",
        "value" : "404684003"
      }]
    },
    {
      "system" : "http://snomed.info/sct",
      "concept" : [{
        "code" : "160245001",
        "display" : "No current problems or disability"
      }]
    }]
  }
}