{
  "resourceType" : "ValueSet",
  "id" : "aeca3dfb-9bdf-458a-80b0-f6c3cfad012a-185",
  "url" : "http://hl7.org/fhir/comparison/ValueSet/aeca3dfb-9bdf-458a-80b0-f6c3cfad012a-185",
  "name" : "UnionVSTiposEncuentroCLAndVSTiposEncuentroCL",
  "title" : "Union of Tipos de Encuentro And Tipos de Encuentro",
  "status" : "active",
  "date" : "2024-08-08T12:45:50-04:00",
  "jurisdiction" : [{
    "coding" : [{
      "system" : "urn:iso:std:iso:3166",
      "code" : "CL",
      "display" : "Chile"
    }]
  }]
}