{
  "resourceType" : "ValueSet",
  "id" : "cc7c5ed3-ec34-4a4f-a6a1-a9dc3e5d8407-140",
  "url" : "http://hl7.org/fhir/comparison/ValueSet/cc7c5ed3-ec34-4a4f-a6a1-a9dc3e5d8407-140",
  "name" : "UnionVSCodMadurezAndVSCodMadurez",
  "title" : "Union of Códigos de grado de madurez del artefacto And Códigos de grado de madurez del artefacto",
  "status" : "active",
  "date" : "2024-07-26T10:56:06-04:00",
  "jurisdiction" : [{
    "coding" : [{
      "system" : "urn:iso:std:iso:3166",
      "code" : "CL",
      "display" : "Chile"
    }]
  }]
}