{
  "resourceType" : "ValueSet",
  "id" : "f07773fd-a62c-443b-9d8b-9c1cd3a80f69-150",
  "url" : "http://hl7.org/fhir/comparison/ValueSet/f07773fd-a62c-443b-9d8b-9c1cd3a80f69-150",
  "name" : "IntersectionVSEspecialidadesDeisCLAndVSEspecialidadesDeisCL",
  "title" : "Intersection of Códigos de Especialidades And Códigos de Especialidades",
  "status" : "active",
  "date" : "2024-06-25T09:03:25-04:00",
  "jurisdiction" : [{
    "coding" : [{
      "system" : "urn:iso:std:iso:3166",
      "code" : "CL",
      "display" : "Chile"
    }]
  }]
}