{
  "resourceType" : "ValueSet",
  "id" : "09e2c5e1-b86a-473a-82b7-156f6f2349f5-191",
  "url" : "http://hl7.org/fhir/comparison/ValueSet/09e2c5e1-b86a-473a-82b7-156f6f2349f5-191",
  "name" : "UnionVSTiposVacunasCLAndVSTiposVacunasCL",
  "title" : "Union of Tipos de Vacunas RNI And Tipos de Vacunas RNI",
  "status" : "active",
  "date" : "2024-08-13T08:05:45-04:00",
  "jurisdiction" : [{
    "coding" : [{
      "system" : "urn:iso:std:iso:3166",
      "code" : "CL",
      "display" : "Chile"
    }]
  }]
}