{
  "resourceType" : "ValueSet",
  "id" : "4af440d3-2a6e-45f7-a25f-a865e277bf60-156",
  "url" : "http://hl7.org/fhir/comparison/ValueSet/4af440d3-2a6e-45f7-a25f-a865e277bf60-156",
  "name" : "IntersectionVSDiagnosticosSCTAndVSDiagnosticosSCT",
  "title" : "Intersection of Diagnósticos SNOMED y Ausente o Desconocido And Diagnósticos SNOMED y Ausente o Desconocido",
  "status" : "active",
  "date" : "2024-07-29T12:24:22-04:00",
  "jurisdiction" : [{
    "coding" : [{
      "system" : "urn:iso:std:iso:3166",
      "code" : "CL",
      "display" : "Chile"
    }]
  }]
}