{
  "resourceType" : "ValueSet",
  "id" : "12d65754-8218-41ce-a6b3-a3cee9852fd1-84",
  "url" : "http://hl7.org/fhir/comparison/ValueSet/12d65754-8218-41ce-a6b3-a3cee9852fd1-84",
  "name" : "IntersectionVSIdentificadoresAndVSTipoIdentificador",
  "title" : "Intersection of Identificadores And Tipo Identificador",
  "status" : "active",
  "date" : "2024-08-07T09:56:09-04:00",
  "jurisdiction" : [{
    "coding" : [{
      "system" : "urn:iso:std:iso:3166",
      "code" : "CL",
      "display" : "Chile"
    }]
  }]
}