{
  "resourceType" : "CodeSystem",
  "id" : "ad83f066-73a1-4252-897b-7d3ffb643c53-50",
  "url" : "http://hl7.org/fhir/comparison/CodeSystem/ad83f066-73a1-4252-897b-7d3ffb643c53-50",
  "name" : "UnionCSTipoIdentificadorAndCSTipoIdentificador",
  "title" : "Union of Tipo Identificador And Tipo Identificador",
  "status" : "active",
  "date" : "2024-03-04T15:29:35-03:00",
  "jurisdiction" : [{
    "coding" : [{
      "system" : "urn:iso:std:iso:3166",
      "code" : "CL",
      "display" : "Chile"
    }]
  }],
  "concept" : [{
    "code" : "01",
    "display" : "Run"
  },
  {
    "code" : "02",
    "display" : "Run materno/progenitor(a)"
  },
  {
    "code" : "03",
    "display" : "Número de Folio de comprobante de parto"
  },
  {
    "code" : "04",
    "display" : "Número de pasaporte"
  },
  {
    "code" : "05",
    "display" : "Número de documento identificador de país de origen"
  },
  {
    "code" : "06",
    "display" : "Número de identificador FONASA"
  },
  {
    "code" : "07",
    "display" : "Identificador Provisorio Escolar"
  },
  {
    "code" : "08",
    "display" : "Identificador Provisorio Apoderado"
  },
  {
    "code" : "09",
    "display" : "Registro Único de Contribuyentes"
  },
  {
    "code" : "10",
    "display" : "Identificación Provisoria del Apoderado (IPA)"
  },
  {
    "code" : "11",
    "display" : "Identificación Provisoria del Escolar (IPE)"
  },
  {
    "code" : "12",
    "display" : "Número de Ficha Clínica Sistema Local"
  }]
}