{
  "resourceType" : "ValueSet",
  "id" : "ad83f066-73a1-4252-897b-7d3ffb643c53-212",
  "url" : "http://hl7.org/fhir/comparison/ValueSet/ad83f066-73a1-4252-897b-7d3ffb643c53-212",
  "name" : "UnionVSTiposDocumentosAndVSTiposDocumentos",
  "title" : "Union of Tipos de Documentos And Tipos de Documentos",
  "status" : "active",
  "date" : "2024-03-04T15:29:35-03:00",
  "jurisdiction" : [{
    "coding" : [{
      "system" : "urn:iso:std:iso:3166",
      "code" : "CL",
      "display" : "Chile"
    }]
  }]
}