<?xml version="1.0" encoding="UTF-8"?><CodeSystem xmlns="http://hl7.org/fhir"><id value="CodPais"/><text><status value="generated"/><div xmlns="http://www.w3.org/1999/xhtml"><p>This case-sensitive code system <code>https://hl7chile.cl/fhir/ig/clcore/CodeSystem/CodPais</code> defines the following codes:</p><table class="codes"><tr><td style="white-space:nowrap"><b>Code</b></td><td><b>Display</b></td></tr><tr><td style="white-space:nowrap">004<a name="CodPais-004"> </a></td><td>Afghanistan</td></tr><tr><td style="white-space:nowrap">008<a name="CodPais-008"> </a></td><td>Albania</td></tr><tr><td style="white-space:nowrap">010<a name="CodPais-010"> </a></td><td>Antarctica</td></tr><tr><td style="white-space:nowrap">012<a name="CodPais-012"> </a></td><td>Algeria</td></tr><tr><td style="white-space:nowrap">016<a name="CodPais-016"> </a></td><td>American Samoa</td></tr><tr><td style="white-space:nowrap">020<a name="CodPais-020"> </a></td><td>Andorra</td></tr><tr><td style="white-space:nowrap">024<a name="CodPais-024"> </a></td><td>Angola</td></tr><tr><td style="white-space:nowrap">028<a name="CodPais-028"> </a></td><td>Antigua and Barbuda</td></tr><tr><td style="white-space:nowrap">031<a name="CodPais-031"> </a></td><td>Azerbaijan</td></tr><tr><td style="white-space:nowrap">032<a name="CodPais-032"> </a></td><td>Argentina</td></tr><tr><td style="white-space:nowrap">036<a name="CodPais-036"> </a></td><td>Australia</td></tr><tr><td style="white-space:nowrap">040<a name="CodPais-040"> </a></td><td>Austria</td></tr><tr><td style="white-space:nowrap">044<a name="CodPais-044"> </a></td><td>Bahamas</td></tr><tr><td style="white-space:nowrap">048<a name="CodPais-048"> </a></td><td>Bahrain</td></tr><tr><td style="white-space:nowrap">050<a name="CodPais-050"> </a></td><td>Bangladesh</td></tr><tr><td style="white-space:nowrap">051<a name="CodPais-051"> </a></td><td>Armenia</td></tr><tr><td style="white-space:nowrap">052<a name="CodPais-052"> </a></td><td>Barbados</td></tr><tr><td style="white-space:nowrap">056<a name="CodPais-056"> </a></td><td>Belgium</td></tr><tr><td style="white-space:nowrap">060<a name="CodPais-060"> </a></td><td>Bermuda</td></tr><tr><td style="white-space:nowrap">064<a name="CodPais-064"> </a></td><td>Bhutan</td></tr><tr><td style="white-space:nowrap">068<a name="CodPais-068"> </a></td><td>Bolivia, Plurinational State of</td></tr><tr><td style="white-space:nowrap">070<a name="CodPais-070"> </a></td><td>Bosnia and Herzegovina</td></tr><tr><td style="white-space:nowrap">072<a name="CodPais-072"> </a></td><td>Botswana</td></tr><tr><td style="white-space:nowrap">074<a name="CodPais-074"> </a></td><td>Bouvet Island</td></tr><tr><td style="white-space:nowrap">076<a name="CodPais-076"> </a></td><td>Brazil</td></tr><tr><td style="white-space:nowrap">084<a name="CodPais-084"> </a></td><td>Belize</td></tr><tr><td style="white-space:nowrap">086<a name="CodPais-086"> </a></td><td>British Indian Ocean Territory</td></tr><tr><td style="white-space:nowrap">090<a name="CodPais-090"> </a></td><td>Solomon Islands</td></tr><tr><td style="white-space:nowrap">092<a name="CodPais-092"> </a></td><td>Virgin Islands, British</td></tr><tr><td style="white-space:nowrap">096<a name="CodPais-096"> </a></td><td>Brunei Darussalam</td></tr><tr><td style="white-space:nowrap">100<a name="CodPais-100"> </a></td><td>Bulgaria</td></tr><tr><td style="white-space:nowrap">104<a name="CodPais-104"> </a></td><td>Myanmar</td></tr><tr><td style="white-space:nowrap">108<a name="CodPais-108"> </a></td><td>Burundi</td></tr><tr><td style="white-space:nowrap">112<a name="CodPais-112"> </a></td><td>Belarus</td></tr><tr><td style="white-space:nowrap">116<a name="CodPais-116"> </a></td><td>Cambodia</td></tr><tr><td style="white-space:nowrap">120<a name="CodPais-120"> </a></td><td>Cameroon</td></tr><tr><td style="white-space:nowrap">124<a name="CodPais-124"> </a></td><td>Canada</td></tr><tr><td style="white-space:nowrap">132<a name="CodPais-132"> </a></td><td>Cabo Verde</td></tr><tr><td style="white-space:nowrap">136<a name="CodPais-136"> </a></td><td>Cayman Islands</td></tr><tr><td style="white-space:nowrap">140<a name="CodPais-140"> </a></td><td>Central African Republic</td></tr><tr><td style="white-space:nowrap">144<a name="CodPais-144"> </a></td><td>Sri Lanka</td></tr><tr><td style="white-space:nowrap">148<a name="CodPais-148"> </a></td><td>Chad</td></tr><tr><td style="white-space:nowrap">152<a name="CodPais-152"> </a></td><td>Chile</td></tr><tr><td style="white-space:nowrap">156<a name="CodPais-156"> </a></td><td>China</td></tr><tr><td style="white-space:nowrap">158<a name="CodPais-158"> </a></td><td>Taiwan, Province of China</td></tr><tr><td style="white-space:nowrap">162<a name="CodPais-162"> </a></td><td>Christmas Island</td></tr><tr><td style="white-space:nowrap">166<a name="CodPais-166"> </a></td><td>Cocos (Keeling) Islands</td></tr><tr><td style="white-space:nowrap">170<a name="CodPais-170"> </a></td><td>Colombia</td></tr><tr><td style="white-space:nowrap">174<a name="CodPais-174"> </a></td><td>Comoros</td></tr><tr><td style="white-space:nowrap">175<a name="CodPais-175"> </a></td><td>Mayotte</td></tr><tr><td style="white-space:nowrap">178<a name="CodPais-178"> </a></td><td>Congo</td></tr><tr><td style="white-space:nowrap">180<a name="CodPais-180"> </a></td><td>Congo, the Democratic Republic of the</td></tr><tr><td style="white-space:nowrap">184<a name="CodPais-184"> </a></td><td>Cook Islands</td></tr><tr><td style="white-space:nowrap">188<a name="CodPais-188"> </a></td><td>Costa Rica</td></tr><tr><td style="white-space:nowrap">191<a name="CodPais-191"> </a></td><td>Croatia</td></tr><tr><td style="white-space:nowrap">192<a name="CodPais-192"> </a></td><td>Cuba</td></tr><tr><td style="white-space:nowrap">196<a name="CodPais-196"> </a></td><td>Cyprus</td></tr><tr><td style="white-space:nowrap">203<a name="CodPais-203"> </a></td><td>Czechia</td></tr><tr><td style="white-space:nowrap">204<a name="CodPais-204"> </a></td><td>Benin</td></tr><tr><td style="white-space:nowrap">208<a name="CodPais-208"> </a></td><td>Denmark</td></tr><tr><td style="white-space:nowrap">212<a name="CodPais-212"> </a></td><td>Dominica</td></tr><tr><td style="white-space:nowrap">214<a name="CodPais-214"> </a></td><td>Dominican Republic</td></tr><tr><td style="white-space:nowrap">218<a name="CodPais-218"> </a></td><td>Ecuador</td></tr><tr><td style="white-space:nowrap">222<a name="CodPais-222"> </a></td><td>El Salvador</td></tr><tr><td style="white-space:nowrap">226<a name="CodPais-226"> </a></td><td>Equatorial Guinea</td></tr><tr><td style="white-space:nowrap">231<a name="CodPais-231"> </a></td><td>Ethiopia</td></tr><tr><td style="white-space:nowrap">232<a name="CodPais-232"> </a></td><td>Eritrea</td></tr><tr><td style="white-space:nowrap">233<a name="CodPais-233"> </a></td><td>Estonia</td></tr><tr><td style="white-space:nowrap">234<a name="CodPais-234"> </a></td><td>Faroe Islands</td></tr><tr><td style="white-space:nowrap">238<a name="CodPais-238"> </a></td><td>Falkland Islands (Malvinas)</td></tr><tr><td style="white-space:nowrap">239<a name="CodPais-239"> </a></td><td>South Georgia and the South Sandwich Islands</td></tr><tr><td style="white-space:nowrap">242<a name="CodPais-242"> </a></td><td>Fiji</td></tr><tr><td style="white-space:nowrap">246<a name="CodPais-246"> </a></td><td>Finland</td></tr><tr><td style="white-space:nowrap">248<a name="CodPais-248"> </a></td><td>Eland Islands</td></tr><tr><td style="white-space:nowrap">250<a name="CodPais-250"> </a></td><td>France</td></tr><tr><td style="white-space:nowrap">254<a name="CodPais-254"> </a></td><td>French Guiana</td></tr><tr><td style="white-space:nowrap">258<a name="CodPais-258"> </a></td><td>French Polynesia</td></tr><tr><td style="white-space:nowrap">260<a name="CodPais-260"> </a></td><td>French Southern Territories</td></tr><tr><td style="white-space:nowrap">262<a name="CodPais-262"> </a></td><td>Djibouti</td></tr><tr><td style="white-space:nowrap">266<a name="CodPais-266"> </a></td><td>Gabon</td></tr><tr><td style="white-space:nowrap">268<a name="CodPais-268"> </a></td><td>Georgia</td></tr><tr><td style="white-space:nowrap">270<a name="CodPais-270"> </a></td><td>Gambia</td></tr><tr><td style="white-space:nowrap">275<a name="CodPais-275"> </a></td><td>Palestine, State of</td></tr><tr><td style="white-space:nowrap">276<a name="CodPais-276"> </a></td><td>Germany</td></tr><tr><td style="white-space:nowrap">288<a name="CodPais-288"> </a></td><td>Ghana</td></tr><tr><td style="white-space:nowrap">292<a name="CodPais-292"> </a></td><td>Gibraltar</td></tr><tr><td style="white-space:nowrap">296<a name="CodPais-296"> </a></td><td>Kiribati</td></tr><tr><td style="white-space:nowrap">300<a name="CodPais-300"> </a></td><td>Greece</td></tr><tr><td style="white-space:nowrap">304<a name="CodPais-304"> </a></td><td>Greenland</td></tr><tr><td style="white-space:nowrap">308<a name="CodPais-308"> </a></td><td>Grenada</td></tr><tr><td style="white-space:nowrap">312<a name="CodPais-312"> </a></td><td>Guadeloupe</td></tr><tr><td style="white-space:nowrap">316<a name="CodPais-316"> </a></td><td>Guam</td></tr><tr><td style="white-space:nowrap">320<a name="CodPais-320"> </a></td><td>Guatemala</td></tr><tr><td style="white-space:nowrap">324<a name="CodPais-324"> </a></td><td>Guinea</td></tr><tr><td style="white-space:nowrap">328<a name="CodPais-328"> </a></td><td>Guyana</td></tr><tr><td style="white-space:nowrap">332<a name="CodPais-332"> </a></td><td>Haiti</td></tr><tr><td style="white-space:nowrap">334<a name="CodPais-334"> </a></td><td>Heard Island and McDonald Islands</td></tr><tr><td style="white-space:nowrap">336<a name="CodPais-336"> </a></td><td>Holy See</td></tr><tr><td style="white-space:nowrap">340<a name="CodPais-340"> </a></td><td>Honduras</td></tr><tr><td style="white-space:nowrap">344<a name="CodPais-344"> </a></td><td>Hong Kong</td></tr><tr><td style="white-space:nowrap">348<a name="CodPais-348"> </a></td><td>Hungary</td></tr><tr><td style="white-space:nowrap">352<a name="CodPais-352"> </a></td><td>Iceland</td></tr><tr><td style="white-space:nowrap">356<a name="CodPais-356"> </a></td><td>India</td></tr><tr><td style="white-space:nowrap">360<a name="CodPais-360"> </a></td><td>Indonesia</td></tr><tr><td style="white-space:nowrap">364<a name="CodPais-364"> </a></td><td>Iran, Islamic Republic of</td></tr><tr><td style="white-space:nowrap">368<a name="CodPais-368"> </a></td><td>Iraq</td></tr><tr><td style="white-space:nowrap">372<a name="CodPais-372"> </a></td><td>Ireland</td></tr><tr><td style="white-space:nowrap">376<a name="CodPais-376"> </a></td><td>Israel</td></tr><tr><td style="white-space:nowrap">380<a name="CodPais-380"> </a></td><td>Italy</td></tr><tr><td style="white-space:nowrap">384<a name="CodPais-384"> </a></td><td>Ctte d'Ivoire</td></tr><tr><td style="white-space:nowrap">388<a name="CodPais-388"> </a></td><td>Jamaica</td></tr><tr><td style="white-space:nowrap">392<a name="CodPais-392"> </a></td><td>Japan</td></tr><tr><td style="white-space:nowrap">398<a name="CodPais-398"> </a></td><td>Kazakhstan</td></tr><tr><td style="white-space:nowrap">400<a name="CodPais-400"> </a></td><td>Jordan</td></tr><tr><td style="white-space:nowrap">404<a name="CodPais-404"> </a></td><td>Kenya</td></tr><tr><td style="white-space:nowrap">408<a name="CodPais-408"> </a></td><td>Korea, Democratic People's Republic of</td></tr><tr><td style="white-space:nowrap">410<a name="CodPais-410"> </a></td><td>Korea, Republic of</td></tr><tr><td style="white-space:nowrap">414<a name="CodPais-414"> </a></td><td>Kuwait</td></tr><tr><td style="white-space:nowrap">417<a name="CodPais-417"> </a></td><td>Kyrgyzstan</td></tr><tr><td style="white-space:nowrap">418<a name="CodPais-418"> </a></td><td>Lao People's Democratic Republic</td></tr><tr><td style="white-space:nowrap">422<a name="CodPais-422"> </a></td><td>Lebanon</td></tr><tr><td style="white-space:nowrap">426<a name="CodPais-426"> </a></td><td>Lesotho</td></tr><tr><td style="white-space:nowrap">428<a name="CodPais-428"> </a></td><td>Latvia</td></tr><tr><td style="white-space:nowrap">430<a name="CodPais-430"> </a></td><td>Liberia</td></tr><tr><td style="white-space:nowrap">434<a name="CodPais-434"> </a></td><td>Libya</td></tr><tr><td style="white-space:nowrap">438<a name="CodPais-438"> </a></td><td>Liechtenstein</td></tr><tr><td style="white-space:nowrap">440<a name="CodPais-440"> </a></td><td>Lithuania</td></tr><tr><td style="white-space:nowrap">442<a name="CodPais-442"> </a></td><td>Luxembourg</td></tr><tr><td style="white-space:nowrap">446<a name="CodPais-446"> </a></td><td>Macao</td></tr><tr><td style="white-space:nowrap">450<a name="CodPais-450"> </a></td><td>Madagascar</td></tr><tr><td style="white-space:nowrap">454<a name="CodPais-454"> </a></td><td>Malawi</td></tr><tr><td style="white-space:nowrap">458<a name="CodPais-458"> </a></td><td>Malaysia</td></tr><tr><td style="white-space:nowrap">462<a name="CodPais-462"> </a></td><td>Maldives</td></tr><tr><td style="white-space:nowrap">466<a name="CodPais-466"> </a></td><td>Mali</td></tr><tr><td style="white-space:nowrap">470<a name="CodPais-470"> </a></td><td>Malta</td></tr><tr><td style="white-space:nowrap">474<a name="CodPais-474"> </a></td><td>Martinique</td></tr><tr><td style="white-space:nowrap">478<a name="CodPais-478"> </a></td><td>Mauritania</td></tr><tr><td style="white-space:nowrap">480<a name="CodPais-480"> </a></td><td>Mauritius</td></tr><tr><td style="white-space:nowrap">484<a name="CodPais-484"> </a></td><td>Mexico</td></tr><tr><td style="white-space:nowrap">492<a name="CodPais-492"> </a></td><td>Monaco</td></tr><tr><td style="white-space:nowrap">496<a name="CodPais-496"> </a></td><td>Mongolia</td></tr><tr><td style="white-space:nowrap">498<a name="CodPais-498"> </a></td><td>Moldova, Republic of</td></tr><tr><td style="white-space:nowrap">499<a name="CodPais-499"> </a></td><td>Montenegro</td></tr><tr><td style="white-space:nowrap">500<a name="CodPais-500"> </a></td><td>Montserrat</td></tr><tr><td style="white-space:nowrap">504<a name="CodPais-504"> </a></td><td>Morocco</td></tr><tr><td style="white-space:nowrap">508<a name="CodPais-508"> </a></td><td>Mozambique</td></tr><tr><td style="white-space:nowrap">512<a name="CodPais-512"> </a></td><td>Oman</td></tr><tr><td style="white-space:nowrap">516<a name="CodPais-516"> </a></td><td>Namibia</td></tr><tr><td style="white-space:nowrap">520<a name="CodPais-520"> </a></td><td>Nauru</td></tr><tr><td style="white-space:nowrap">524<a name="CodPais-524"> </a></td><td>Nepal</td></tr><tr><td style="white-space:nowrap">528<a name="CodPais-528"> </a></td><td>Netherlands</td></tr><tr><td style="white-space:nowrap">531<a name="CodPais-531"> </a></td><td>Curagao</td></tr><tr><td style="white-space:nowrap">533<a name="CodPais-533"> </a></td><td>Aruba</td></tr><tr><td style="white-space:nowrap">534<a name="CodPais-534"> </a></td><td>Sint Maarten (Dutch part)</td></tr><tr><td style="white-space:nowrap">535<a name="CodPais-535"> </a></td><td>Bonaire, Sint Eustatius and Saba</td></tr><tr><td style="white-space:nowrap">540<a name="CodPais-540"> </a></td><td>New Caledonia</td></tr><tr><td style="white-space:nowrap">548<a name="CodPais-548"> </a></td><td>Vanuatu</td></tr><tr><td style="white-space:nowrap">554<a name="CodPais-554"> </a></td><td>New Zealand</td></tr><tr><td style="white-space:nowrap">558<a name="CodPais-558"> </a></td><td>Nicaragua</td></tr><tr><td style="white-space:nowrap">562<a name="CodPais-562"> </a></td><td>Niger</td></tr><tr><td style="white-space:nowrap">566<a name="CodPais-566"> </a></td><td>Nigeria</td></tr><tr><td style="white-space:nowrap">570<a name="CodPais-570"> </a></td><td>Niue</td></tr><tr><td style="white-space:nowrap">574<a name="CodPais-574"> </a></td><td>Norfolk Island</td></tr><tr><td style="white-space:nowrap">578<a name="CodPais-578"> </a></td><td>Norway</td></tr><tr><td style="white-space:nowrap">580<a name="CodPais-580"> </a></td><td>Northern Mariana Islands</td></tr><tr><td style="white-space:nowrap">581<a name="CodPais-581"> </a></td><td>United States Minor Outlying Islands</td></tr><tr><td style="white-space:nowrap">583<a name="CodPais-583"> </a></td><td>Micronesia, Federated States of</td></tr><tr><td style="white-space:nowrap">584<a name="CodPais-584"> </a></td><td>Marshall Islands</td></tr><tr><td style="white-space:nowrap">585<a name="CodPais-585"> </a></td><td>Palau</td></tr><tr><td style="white-space:nowrap">586<a name="CodPais-586"> </a></td><td>Pakistan</td></tr><tr><td style="white-space:nowrap">591<a name="CodPais-591"> </a></td><td>Panama</td></tr><tr><td style="white-space:nowrap">598<a name="CodPais-598"> </a></td><td>Papua New Guinea</td></tr><tr><td style="white-space:nowrap">600<a name="CodPais-600"> </a></td><td>Paraguay</td></tr><tr><td style="white-space:nowrap">604<a name="CodPais-604"> </a></td><td>Peru</td></tr><tr><td style="white-space:nowrap">608<a name="CodPais-608"> </a></td><td>Philippines</td></tr><tr><td style="white-space:nowrap">612<a name="CodPais-612"> </a></td><td>Pitcairn</td></tr><tr><td style="white-space:nowrap">616<a name="CodPais-616"> </a></td><td>Poland</td></tr><tr><td style="white-space:nowrap">620<a name="CodPais-620"> </a></td><td>Portugal</td></tr><tr><td style="white-space:nowrap">624<a name="CodPais-624"> </a></td><td>Guinea-Bissau</td></tr><tr><td style="white-space:nowrap">626<a name="CodPais-626"> </a></td><td>Timor-Leste</td></tr><tr><td style="white-space:nowrap">630<a name="CodPais-630"> </a></td><td>Puerto Rico</td></tr><tr><td style="white-space:nowrap">634<a name="CodPais-634"> </a></td><td>Qatar</td></tr><tr><td style="white-space:nowrap">638<a name="CodPais-638"> </a></td><td>Riunion</td></tr><tr><td style="white-space:nowrap">642<a name="CodPais-642"> </a></td><td>Romania</td></tr><tr><td style="white-space:nowrap">643<a name="CodPais-643"> </a></td><td>Russian Federation</td></tr><tr><td style="white-space:nowrap">646<a name="CodPais-646"> </a></td><td>Rwanda</td></tr><tr><td style="white-space:nowrap">652<a name="CodPais-652"> </a></td><td>Saint Barthilemy</td></tr><tr><td style="white-space:nowrap">654<a name="CodPais-654"> </a></td><td>Saint Helena, Ascension and Tristan da Cunha</td></tr><tr><td style="white-space:nowrap">659<a name="CodPais-659"> </a></td><td>Saint Kitts and Nevis</td></tr><tr><td style="white-space:nowrap">660<a name="CodPais-660"> </a></td><td>Anguilla</td></tr><tr><td style="white-space:nowrap">662<a name="CodPais-662"> </a></td><td>Saint Lucia</td></tr><tr><td style="white-space:nowrap">663<a name="CodPais-663"> </a></td><td>Saint Martin (French part)</td></tr><tr><td style="white-space:nowrap">666<a name="CodPais-666"> </a></td><td>Saint Pierre and Miquelon</td></tr><tr><td style="white-space:nowrap">670<a name="CodPais-670"> </a></td><td>Saint Vincent and the Grenadines</td></tr><tr><td style="white-space:nowrap">674<a name="CodPais-674"> </a></td><td>San Marino</td></tr><tr><td style="white-space:nowrap">678<a name="CodPais-678"> </a></td><td>Sao Tome and Principe</td></tr><tr><td style="white-space:nowrap">682<a name="CodPais-682"> </a></td><td>Saudi Arabia</td></tr><tr><td style="white-space:nowrap">686<a name="CodPais-686"> </a></td><td>Senegal</td></tr><tr><td style="white-space:nowrap">688<a name="CodPais-688"> </a></td><td>Serbia</td></tr><tr><td style="white-space:nowrap">690<a name="CodPais-690"> </a></td><td>Seychelles</td></tr><tr><td style="white-space:nowrap">694<a name="CodPais-694"> </a></td><td>Sierra Leone</td></tr><tr><td style="white-space:nowrap">702<a name="CodPais-702"> </a></td><td>Singapore</td></tr><tr><td style="white-space:nowrap">703<a name="CodPais-703"> </a></td><td>Slovakia</td></tr><tr><td style="white-space:nowrap">704<a name="CodPais-704"> </a></td><td>Viet Nam</td></tr><tr><td style="white-space:nowrap">705<a name="CodPais-705"> </a></td><td>Slovenia</td></tr><tr><td style="white-space:nowrap">706<a name="CodPais-706"> </a></td><td>Somalia</td></tr><tr><td style="white-space:nowrap">710<a name="CodPais-710"> </a></td><td>South Africa</td></tr><tr><td style="white-space:nowrap">716<a name="CodPais-716"> </a></td><td>Zimbabwe</td></tr><tr><td style="white-space:nowrap">724<a name="CodPais-724"> </a></td><td>Spain</td></tr><tr><td style="white-space:nowrap">728<a name="CodPais-728"> </a></td><td>South Sudan</td></tr><tr><td style="white-space:nowrap">729<a name="CodPais-729"> </a></td><td>Sudan</td></tr><tr><td style="white-space:nowrap">732<a name="CodPais-732"> </a></td><td>Western Sahara</td></tr><tr><td style="white-space:nowrap">740<a name="CodPais-740"> </a></td><td>Suriname</td></tr><tr><td style="white-space:nowrap">744<a name="CodPais-744"> </a></td><td>Svalbard and Jan Mayen</td></tr><tr><td style="white-space:nowrap">748<a name="CodPais-748"> </a></td><td>Swaziland</td></tr><tr><td style="white-space:nowrap">752<a name="CodPais-752"> </a></td><td>Sweden</td></tr><tr><td style="white-space:nowrap">756<a name="CodPais-756"> </a></td><td>Switzerland</td></tr><tr><td style="white-space:nowrap">760<a name="CodPais-760"> </a></td><td>Syrian Arab Republic</td></tr><tr><td style="white-space:nowrap">762<a name="CodPais-762"> </a></td><td>Tajikistan</td></tr><tr><td style="white-space:nowrap">764<a name="CodPais-764"> </a></td><td>Thailand</td></tr><tr><td style="white-space:nowrap">768<a name="CodPais-768"> </a></td><td>Togo</td></tr><tr><td style="white-space:nowrap">772<a name="CodPais-772"> </a></td><td>Tokelau</td></tr><tr><td style="white-space:nowrap">776<a name="CodPais-776"> </a></td><td>Tonga</td></tr><tr><td style="white-space:nowrap">780<a name="CodPais-780"> </a></td><td>Trinidad and Tobago</td></tr><tr><td style="white-space:nowrap">784<a name="CodPais-784"> </a></td><td>United Arab Emirates</td></tr><tr><td style="white-space:nowrap">788<a name="CodPais-788"> </a></td><td>Tunisia</td></tr><tr><td style="white-space:nowrap">792<a name="CodPais-792"> </a></td><td>Turkey</td></tr><tr><td style="white-space:nowrap">795<a name="CodPais-795"> </a></td><td>Turkmenistan</td></tr><tr><td style="white-space:nowrap">796<a name="CodPais-796"> </a></td><td>Turks and Caicos Islands</td></tr><tr><td style="white-space:nowrap">798<a name="CodPais-798"> </a></td><td>Tuvalu</td></tr><tr><td style="white-space:nowrap">800<a name="CodPais-800"> </a></td><td>Uganda</td></tr><tr><td style="white-space:nowrap">804<a name="CodPais-804"> </a></td><td>Ukraine</td></tr><tr><td style="white-space:nowrap">807<a name="CodPais-807"> </a></td><td>Macedonia, the former Yugoslav Republic of</td></tr><tr><td style="white-space:nowrap">818<a name="CodPais-818"> </a></td><td>Egypt</td></tr><tr><td style="white-space:nowrap">826<a name="CodPais-826"> </a></td><td>United Kingdom</td></tr><tr><td style="white-space:nowrap">831<a name="CodPais-831"> </a></td><td>Guernsey</td></tr><tr><td style="white-space:nowrap">832<a name="CodPais-832"> </a></td><td>Jersey</td></tr><tr><td style="white-space:nowrap">833<a name="CodPais-833"> </a></td><td>Isle of Man</td></tr><tr><td style="white-space:nowrap">834<a name="CodPais-834"> </a></td><td>Tanzania, United Republic of</td></tr><tr><td style="white-space:nowrap">840<a name="CodPais-840"> </a></td><td>United States of America</td></tr><tr><td style="white-space:nowrap">850<a name="CodPais-850"> </a></td><td>Virgin Islands, U.S.</td></tr><tr><td style="white-space:nowrap">854<a name="CodPais-854"> </a></td><td>Burkina Faso</td></tr><tr><td style="white-space:nowrap">858<a name="CodPais-858"> </a></td><td>Uruguay</td></tr><tr><td style="white-space:nowrap">860<a name="CodPais-860"> </a></td><td>Uzbekistan</td></tr><tr><td style="white-space:nowrap">862<a name="CodPais-862"> </a></td><td>Venezuela, Bolivarian Republic of</td></tr><tr><td style="white-space:nowrap">876<a name="CodPais-876"> </a></td><td>Wallis and Futuna</td></tr><tr><td style="white-space:nowrap">882<a name="CodPais-882"> </a></td><td>Samoa</td></tr><tr><td style="white-space:nowrap">887<a name="CodPais-887"> </a></td><td>Yemen</td></tr><tr><td style="white-space:nowrap">894<a name="CodPais-894"> </a></td><td>Zambia</td></tr></table></div></text><url value="https://hl7chile.cl/fhir/ig/clcore/CodeSystem/CodPais"/><version value="1.8.11"/><name value="CSCodPaises"/><title value="Códigos de Países"/><status value="active"/><experimental value="false"/><date value="2022-01-18T00:00:00-03:00"/><publisher value="HL7 Chile"/><contact><name value="HL7 Chile"/><telecom><system value="url"/><value value="http://hl7chile.cl"/></telecom><telecom><system value="email"/><value value="chair@hl7chile.cl"/></telecom></contact><description value="Codigos definidos para la identificación de países segun norma ISO3166-N"/><jurisdiction><coding><system value="urn:iso:std:iso:3166"/><code value="CL"/><display value="Chile"/></coding></jurisdiction><copyright value="All content on ISO Online is copyright protected. The copyright is owned by ISO. Any use of the content, including copying of it in whole or in part, for example to another Internet site, is prohibited and would require written permission from ISO."/><caseSensitive value="true"/><content value="complete"/><count value="249"/><concept><code value="004"/><display value="Afghanistan"/></concept><concept><code value="008"/><display value="Albania"/></concept><concept><code value="010"/><display value="Antarctica"/></concept><concept><code value="012"/><display value="Algeria"/></concept><concept><code value="016"/><display value="American Samoa"/></concept><concept><code value="020"/><display value="Andorra"/></concept><concept><code value="024"/><display value="Angola"/></concept><concept><code value="028"/><display value="Antigua and Barbuda"/></concept><concept><code value="031"/><display value="Azerbaijan"/></concept><concept><code value="032"/><display value="Argentina"/></concept><concept><code value="036"/><display value="Australia"/></concept><concept><code value="040"/><display value="Austria"/></concept><concept><code value="044"/><display value="Bahamas"/></concept><concept><code value="048"/><display value="Bahrain"/></concept><concept><code value="050"/><display value="Bangladesh"/></concept><concept><code value="051"/><display value="Armenia"/></concept><concept><code value="052"/><display value="Barbados"/></concept><concept><code value="056"/><display value="Belgium"/></concept><concept><code value="060"/><display value="Bermuda"/></concept><concept><code value="064"/><display value="Bhutan"/></concept><concept><code value="068"/><display value="Bolivia, Plurinational State of"/></concept><concept><code value="070"/><display value="Bosnia and Herzegovina"/></concept><concept><code value="072"/><display value="Botswana"/></concept><concept><code value="074"/><display value="Bouvet Island"/></concept><concept><code value="076"/><display value="Brazil"/></concept><concept><code value="084"/><display value="Belize"/></concept><concept><code value="086"/><display value="British Indian Ocean Territory"/></concept><concept><code value="090"/><display value="Solomon Islands"/></concept><concept><code value="092"/><display value="Virgin Islands, British"/></concept><concept><code value="096"/><display value="Brunei Darussalam"/></concept><concept><code value="100"/><display value="Bulgaria"/></concept><concept><code value="104"/><display value="Myanmar"/></concept><concept><code value="108"/><display value="Burundi"/></concept><concept><code value="112"/><display value="Belarus"/></concept><concept><code value="116"/><display value="Cambodia"/></concept><concept><code value="120"/><display value="Cameroon"/></concept><concept><code value="124"/><display value="Canada"/></concept><concept><code value="132"/><display value="Cabo Verde"/></concept><concept><code value="136"/><display value="Cayman Islands"/></concept><concept><code value="140"/><display value="Central African Republic"/></concept><concept><code value="144"/><display value="Sri Lanka"/></concept><concept><code value="148"/><display value="Chad"/></concept><concept><code value="152"/><display value="Chile"/></concept><concept><code value="156"/><display value="China"/></concept><concept><code value="158"/><display value="Taiwan, Province of China"/></concept><concept><code value="162"/><display value="Christmas Island"/></concept><concept><code value="166"/><display value="Cocos (Keeling) Islands"/></concept><concept><code value="170"/><display value="Colombia"/></concept><concept><code value="174"/><display value="Comoros"/></concept><concept><code value="175"/><display value="Mayotte"/></concept><concept><code value="178"/><display value="Congo"/></concept><concept><code value="180"/><display value="Congo, the Democratic Republic of the"/></concept><concept><code value="184"/><display value="Cook Islands"/></concept><concept><code value="188"/><display value="Costa Rica"/></concept><concept><code value="191"/><display value="Croatia"/></concept><concept><code value="192"/><display value="Cuba"/></concept><concept><code value="196"/><display value="Cyprus"/></concept><concept><code value="203"/><display value="Czechia"/></concept><concept><code value="204"/><display value="Benin"/></concept><concept><code value="208"/><display value="Denmark"/></concept><concept><code value="212"/><display value="Dominica"/></concept><concept><code value="214"/><display value="Dominican Republic"/></concept><concept><code value="218"/><display value="Ecuador"/></concept><concept><code value="222"/><display value="El Salvador"/></concept><concept><code value="226"/><display value="Equatorial Guinea"/></concept><concept><code value="231"/><display value="Ethiopia"/></concept><concept><code value="232"/><display value="Eritrea"/></concept><concept><code value="233"/><display value="Estonia"/></concept><concept><code value="234"/><display value="Faroe Islands"/></concept><concept><code value="238"/><display value="Falkland Islands (Malvinas)"/></concept><concept><code value="239"/><display value="South Georgia and the South Sandwich Islands"/></concept><concept><code value="242"/><display value="Fiji"/></concept><concept><code value="246"/><display value="Finland"/></concept><concept><code value="248"/><display value="Eland Islands"/></concept><concept><code value="250"/><display value="France"/></concept><concept><code value="254"/><display value="French Guiana"/></concept><concept><code value="258"/><display value="French Polynesia"/></concept><concept><code value="260"/><display value="French Southern Territories"/></concept><concept><code value="262"/><display value="Djibouti"/></concept><concept><code value="266"/><display value="Gabon"/></concept><concept><code value="268"/><display value="Georgia"/></concept><concept><code value="270"/><display value="Gambia"/></concept><concept><code value="275"/><display value="Palestine, State of"/></concept><concept><code value="276"/><display value="Germany"/></concept><concept><code value="288"/><display value="Ghana"/></concept><concept><code value="292"/><display value="Gibraltar"/></concept><concept><code value="296"/><display value="Kiribati"/></concept><concept><code value="300"/><display value="Greece"/></concept><concept><code value="304"/><display value="Greenland"/></concept><concept><code value="308"/><display value="Grenada"/></concept><concept><code value="312"/><display value="Guadeloupe"/></concept><concept><code value="316"/><display value="Guam"/></concept><concept><code value="320"/><display value="Guatemala"/></concept><concept><code value="324"/><display value="Guinea"/></concept><concept><code value="328"/><display value="Guyana"/></concept><concept><code value="332"/><display value="Haiti"/></concept><concept><code value="334"/><display value="Heard Island and McDonald Islands"/></concept><concept><code value="336"/><display value="Holy See"/></concept><concept><code value="340"/><display value="Honduras"/></concept><concept><code value="344"/><display value="Hong Kong"/></concept><concept><code value="348"/><display value="Hungary"/></concept><concept><code value="352"/><display value="Iceland"/></concept><concept><code value="356"/><display value="India"/></concept><concept><code value="360"/><display value="Indonesia"/></concept><concept><code value="364"/><display value="Iran, Islamic Republic of"/></concept><concept><code value="368"/><display value="Iraq"/></concept><concept><code value="372"/><display value="Ireland"/></concept><concept><code value="376"/><display value="Israel"/></concept><concept><code value="380"/><display value="Italy"/></concept><concept><code value="384"/><display value="Ctte d'Ivoire"/></concept><concept><code value="388"/><display value="Jamaica"/></concept><concept><code value="392"/><display value="Japan"/></concept><concept><code value="398"/><display value="Kazakhstan"/></concept><concept><code value="400"/><display value="Jordan"/></concept><concept><code value="404"/><display value="Kenya"/></concept><concept><code value="408"/><display value="Korea, Democratic People's Republic of"/></concept><concept><code value="410"/><display value="Korea, Republic of"/></concept><concept><code value="414"/><display value="Kuwait"/></concept><concept><code value="417"/><display value="Kyrgyzstan"/></concept><concept><code value="418"/><display value="Lao People's Democratic Republic"/></concept><concept><code value="422"/><display value="Lebanon"/></concept><concept><code value="426"/><display value="Lesotho"/></concept><concept><code value="428"/><display value="Latvia"/></concept><concept><code value="430"/><display value="Liberia"/></concept><concept><code value="434"/><display value="Libya"/></concept><concept><code value="438"/><display value="Liechtenstein"/></concept><concept><code value="440"/><display value="Lithuania"/></concept><concept><code value="442"/><display value="Luxembourg"/></concept><concept><code value="446"/><display value="Macao"/></concept><concept><code value="450"/><display value="Madagascar"/></concept><concept><code value="454"/><display value="Malawi"/></concept><concept><code value="458"/><display value="Malaysia"/></concept><concept><code value="462"/><display value="Maldives"/></concept><concept><code value="466"/><display value="Mali"/></concept><concept><code value="470"/><display value="Malta"/></concept><concept><code value="474"/><display value="Martinique"/></concept><concept><code value="478"/><display value="Mauritania"/></concept><concept><code value="480"/><display value="Mauritius"/></concept><concept><code value="484"/><display value="Mexico"/></concept><concept><code value="492"/><display value="Monaco"/></concept><concept><code value="496"/><display value="Mongolia"/></concept><concept><code value="498"/><display value="Moldova, Republic of"/></concept><concept><code value="499"/><display value="Montenegro"/></concept><concept><code value="500"/><display value="Montserrat"/></concept><concept><code value="504"/><display value="Morocco"/></concept><concept><code value="508"/><display value="Mozambique"/></concept><concept><code value="512"/><display value="Oman"/></concept><concept><code value="516"/><display value="Namibia"/></concept><concept><code value="520"/><display value="Nauru"/></concept><concept><code value="524"/><display value="Nepal"/></concept><concept><code value="528"/><display value="Netherlands"/></concept><concept><code value="531"/><display value="Curagao"/></concept><concept><code value="533"/><display value="Aruba"/></concept><concept><code value="534"/><display value="Sint Maarten (Dutch part)"/></concept><concept><code value="535"/><display value="Bonaire, Sint Eustatius and Saba"/></concept><concept><code value="540"/><display value="New Caledonia"/></concept><concept><code value="548"/><display value="Vanuatu"/></concept><concept><code value="554"/><display value="New Zealand"/></concept><concept><code value="558"/><display value="Nicaragua"/></concept><concept><code value="562"/><display value="Niger"/></concept><concept><code value="566"/><display value="Nigeria"/></concept><concept><code value="570"/><display value="Niue"/></concept><concept><code value="574"/><display value="Norfolk Island"/></concept><concept><code value="578"/><display value="Norway"/></concept><concept><code value="580"/><display value="Northern Mariana Islands"/></concept><concept><code value="581"/><display value="United States Minor Outlying Islands"/></concept><concept><code value="583"/><display value="Micronesia, Federated States of"/></concept><concept><code value="584"/><display value="Marshall Islands"/></concept><concept><code value="585"/><display value="Palau"/></concept><concept><code value="586"/><display value="Pakistan"/></concept><concept><code value="591"/><display value="Panama"/></concept><concept><code value="598"/><display value="Papua New Guinea"/></concept><concept><code value="600"/><display value="Paraguay"/></concept><concept><code value="604"/><display value="Peru"/></concept><concept><code value="608"/><display value="Philippines"/></concept><concept><code value="612"/><display value="Pitcairn"/></concept><concept><code value="616"/><display value="Poland"/></concept><concept><code value="620"/><display value="Portugal"/></concept><concept><code value="624"/><display value="Guinea-Bissau"/></concept><concept><code value="626"/><display value="Timor-Leste"/></concept><concept><code value="630"/><display value="Puerto Rico"/></concept><concept><code value="634"/><display value="Qatar"/></concept><concept><code value="638"/><display value="Riunion"/></concept><concept><code value="642"/><display value="Romania"/></concept><concept><code value="643"/><display value="Russian Federation"/></concept><concept><code value="646"/><display value="Rwanda"/></concept><concept><code value="652"/><display value="Saint Barthilemy"/></concept><concept><code value="654"/><display value="Saint Helena, Ascension and Tristan da Cunha"/></concept><concept><code value="659"/><display value="Saint Kitts and Nevis"/></concept><concept><code value="660"/><display value="Anguilla"/></concept><concept><code value="662"/><display value="Saint Lucia"/></concept><concept><code value="663"/><display value="Saint Martin (French part)"/></concept><concept><code value="666"/><display value="Saint Pierre and Miquelon"/></concept><concept><code value="670"/><display value="Saint Vincent and the Grenadines"/></concept><concept><code value="674"/><display value="San Marino"/></concept><concept><code value="678"/><display value="Sao Tome and Principe"/></concept><concept><code value="682"/><display value="Saudi Arabia"/></concept><concept><code value="686"/><display value="Senegal"/></concept><concept><code value="688"/><display value="Serbia"/></concept><concept><code value="690"/><display value="Seychelles"/></concept><concept><code value="694"/><display value="Sierra Leone"/></concept><concept><code value="702"/><display value="Singapore"/></concept><concept><code value="703"/><display value="Slovakia"/></concept><concept><code value="704"/><display value="Viet Nam"/></concept><concept><code value="705"/><display value="Slovenia"/></concept><concept><code value="706"/><display value="Somalia"/></concept><concept><code value="710"/><display value="South Africa"/></concept><concept><code value="716"/><display value="Zimbabwe"/></concept><concept><code value="724"/><display value="Spain"/></concept><concept><code value="728"/><display value="South Sudan"/></concept><concept><code value="729"/><display value="Sudan"/></concept><concept><code value="732"/><display value="Western Sahara"/></concept><concept><code value="740"/><display value="Suriname"/></concept><concept><code value="744"/><display value="Svalbard and Jan Mayen"/></concept><concept><code value="748"/><display value="Swaziland"/></concept><concept><code value="752"/><display value="Sweden"/></concept><concept><code value="756"/><display value="Switzerland"/></concept><concept><code value="760"/><display value="Syrian Arab Republic"/></concept><concept><code value="762"/><display value="Tajikistan"/></concept><concept><code value="764"/><display value="Thailand"/></concept><concept><code value="768"/><display value="Togo"/></concept><concept><code value="772"/><display value="Tokelau"/></concept><concept><code value="776"/><display value="Tonga"/></concept><concept><code value="780"/><display value="Trinidad and Tobago"/></concept><concept><code value="784"/><display value="United Arab Emirates"/></concept><concept><code value="788"/><display value="Tunisia"/></concept><concept><code value="792"/><display value="Turkey"/></concept><concept><code value="795"/><display value="Turkmenistan"/></concept><concept><code value="796"/><display value="Turks and Caicos Islands"/></concept><concept><code value="798"/><display value="Tuvalu"/></concept><concept><code value="800"/><display value="Uganda"/></concept><concept><code value="804"/><display value="Ukraine"/></concept><concept><code value="807"/><display value="Macedonia, the former Yugoslav Republic of"/></concept><concept><code value="818"/><display value="Egypt"/></concept><concept><code value="826"/><display value="United Kingdom"/></concept><concept><code value="831"/><display value="Guernsey"/></concept><concept><code value="832"/><display value="Jersey"/></concept><concept><code value="833"/><display value="Isle of Man"/></concept><concept><code value="834"/><display value="Tanzania, United Republic of"/></concept><concept><code value="840"/><display value="United States of America"/></concept><concept><code value="850"/><display value="Virgin Islands, U.S."/></concept><concept><code value="854"/><display value="Burkina Faso"/></concept><concept><code value="858"/><display value="Uruguay"/></concept><concept><code value="860"/><display value="Uzbekistan"/></concept><concept><code value="862"/><display value="Venezuela, Bolivarian Republic of"/></concept><concept><code value="876"/><display value="Wallis and Futuna"/></concept><concept><code value="882"/><display value="Samoa"/></concept><concept><code value="887"/><display value="Yemen"/></concept><concept><code value="894"/><display value="Zambia"/></concept></CodeSystem>