<?xml version="1.0" encoding="UTF-8"?><CodeSystem xmlns="http://hl7.org/fhir"><id value="EspecialidadesConacemConaceoCS"/><text><status value="generated"/><div xmlns="http://www.w3.org/1999/xhtml"><p class="res-header-id"><b>Generated Narrative: CodeSystem EspecialidadesConacemConaceoCS</b></p><a name="EspecialidadesConacemConaceoCS"> </a><a name="hcEspecialidadesConacemConaceoCS"> </a><a name="EspecialidadesConacemConaceoCS-es-CL"> </a><p>This case-sensitive code system <code>https://hl7chile.cl/fhir/ig/clcore/CodeSystem/EspecialidadesConacemConaceoCS</code> defines the following codes:</p><table class="codes"><tr><td style="white-space:nowrap"><b>Code</b></td><td><b>Display</b></td></tr><tr><td style="white-space:nowrap">1<a name="EspecialidadesConacemConaceoCS-1"> </a></td><td>Adolescencia</td></tr><tr><td style="white-space:nowrap">14<a name="EspecialidadesConacemConaceoCS-14"> </a></td><td>Dermatología y Venerología</td></tr><tr><td style="white-space:nowrap">16<a name="EspecialidadesConacemConaceoCS-16"> </a></td><td>Endocrinología</td></tr><tr><td style="white-space:nowrap">18<a name="EspecialidadesConacemConaceoCS-18"> </a></td><td>Enfermedades Respiratorias</td></tr><tr><td style="white-space:nowrap">19<a name="EspecialidadesConacemConaceoCS-19"> </a></td><td>Enfermedades Respiratorias Pediátricas</td></tr><tr><td style="white-space:nowrap">20<a name="EspecialidadesConacemConaceoCS-20"> </a></td><td>Gastroenterología</td></tr><tr><td style="white-space:nowrap">24<a name="EspecialidadesConacemConaceoCS-24"> </a></td><td>Ginecología Oncológica</td></tr><tr><td style="white-space:nowrap">30<a name="EspecialidadesConacemConaceoCS-30"> </a></td><td>Inmunología Clínica</td></tr><tr><td style="white-space:nowrap">32<a name="EspecialidadesConacemConaceoCS-32"> </a></td><td>Mastología</td></tr><tr><td style="white-space:nowrap">34<a name="EspecialidadesConacemConaceoCS-34"> </a></td><td>Medicina Física y Rehabilitación</td></tr><tr><td style="white-space:nowrap">35<a name="EspecialidadesConacemConaceoCS-35"> </a></td><td>Medicina Intensiva</td></tr><tr><td style="white-space:nowrap">39<a name="EspecialidadesConacemConaceoCS-39"> </a></td><td>Medicina Materno Fetal</td></tr><tr><td style="white-space:nowrap">41<a name="EspecialidadesConacemConaceoCS-41"> </a></td><td>Medicina Paliativa Del Adulto</td></tr><tr><td style="white-space:nowrap">42<a name="EspecialidadesConacemConaceoCS-42"> </a></td><td>Medicina Reproductiva</td></tr><tr><td style="white-space:nowrap">43<a name="EspecialidadesConacemConaceoCS-43"> </a></td><td>Nefrología</td></tr><tr><td style="white-space:nowrap">44<a name="EspecialidadesConacemConaceoCS-44"> </a></td><td>Nefrología Pediátrica</td></tr><tr><td style="white-space:nowrap">47<a name="EspecialidadesConacemConaceoCS-47"> </a></td><td>Neurología</td></tr><tr><td style="white-space:nowrap">49<a name="EspecialidadesConacemConaceoCS-49"> </a></td><td>Neurorradiología</td></tr><tr><td style="white-space:nowrap">50<a name="EspecialidadesConacemConaceoCS-50"> </a></td><td>Nutrición Clínica del Adulto</td></tr><tr><td style="white-space:nowrap">51<a name="EspecialidadesConacemConaceoCS-51"> </a></td><td>Nutrición Clínica Pediátrica</td></tr><tr><td style="white-space:nowrap">58<a name="EspecialidadesConacemConaceoCS-58"> </a></td><td>Psiquiatría</td></tr><tr><td style="white-space:nowrap">59<a name="EspecialidadesConacemConaceoCS-59"> </a></td><td>Psiquiatría Infantil y de la Adolescencia</td></tr><tr><td style="white-space:nowrap">3<a name="EspecialidadesConacemConaceoCS-3"> </a></td><td>Imagenología Maxilofacial</td></tr><tr><td style="white-space:nowrap">8<a name="EspecialidadesConacemConaceoCS-8"> </a></td><td>Patología Oral y Maxilofacial</td></tr></table></div></text><url value="https://hl7chile.cl/fhir/ig/clcore/CodeSystem/EspecialidadesConacemConaceoCS"/><version value="1.9.0"/><name value="EspecialidadesConacemConaceoCS"/><title value="Códigos de Especialidades de CONACEM y CONACEO"/><status value="active"/><experimental value="true"/><date value="2024-08-06T16:31:07-04:00"/><publisher value="HL7 Chile"/><contact><name value="HL7 Chile"/><telecom><system value="url"/><value value="http://hl7chile.cl"/></telecom><telecom><system value="email"/><value value="chair@hl7chile.cl"/></telecom></contact><description value="Códigos a usar para las Especialidades provenientes de La Corporación Nacional Autónoma de Certificación de Especialidades Médicas (CONACEM) y de La Corporación Nacional Autónoma de Certificación de Especialidades Odontológicas (CONACEO) de Chile"/><jurisdiction><coding><system value="urn:iso:std:iso:3166"/><code value="CL"/><display value="Chile"/></coding></jurisdiction><copyright value="Usado con el permiso de HL7 International, todos los derechos resevados en los Licencias de HL7 Internacional."/><caseSensitive value="true"/><content value="complete"/><count value="24"/><concept><code value="1"/><display value="Adolescencia"/></concept><concept><code value="14"/><display value="Dermatología y Venerología"/></concept><concept><code value="16"/><display value="Endocrinología"/></concept><concept><code value="18"/><display value="Enfermedades Respiratorias"/></concept><concept><code value="19"/><display value="Enfermedades Respiratorias Pediátricas"/></concept><concept><code value="20"/><display value="Gastroenterología"/></concept><concept><code value="24"/><display value="Ginecología Oncológica"/></concept><concept><code value="30"/><display value="Inmunología Clínica"/></concept><concept><code value="32"/><display value="Mastología"/></concept><concept><code value="34"/><display value="Medicina Física y Rehabilitación"/></concept><concept><code value="35"/><display value="Medicina Intensiva"/></concept><concept><code value="39"/><display value="Medicina Materno Fetal"/></concept><concept><code value="41"/><display value="Medicina Paliativa Del Adulto"/></concept><concept><code value="42"/><display value="Medicina Reproductiva"/></concept><concept><code value="43"/><display value="Nefrología"/></concept><concept><code value="44"/><display value="Nefrología Pediátrica"/></concept><concept><code value="47"/><display value="Neurología"/></concept><concept><code value="49"/><display value="Neurorradiología"/></concept><concept><code value="50"/><display value="Nutrición Clínica del Adulto"/></concept><concept><code value="51"/><display value="Nutrición Clínica Pediátrica"/></concept><concept><code value="58"/><display value="Psiquiatría"/></concept><concept><code value="59"/><display value="Psiquiatría Infantil y de la Adolescencia"/></concept><concept><code value="3"/><display value="Imagenología Maxilofacial"/></concept><concept><code value="8"/><display value="Patología Oral y Maxilofacial"/></concept></CodeSystem>