<?xml version="1.0" encoding="UTF-8"?><ImplementationGuide xmlns="http://hl7.org/fhir"><id value="hl7.fhir.cl.clcore"/><text><status value="extensions"/><div xmlns="http://www.w3.org/1999/xhtml"><h2>clcore</h2><p>The official URL for this implementation guide is: </p><pre>https://hl7chile.cl/fhir/ig/clcore/ImplementationGuide/hl7.fhir.cl.clcore</pre><div><p>Guía de Implementación Versión de Desarrollo Sobre STU 1, para los perfiles Core que se van a requerir a nivel de desarrollo Nacional para Sistemas que Intercambien datos en estandar FHIR-R4</p>
</div></div></text><url value="https://hl7chile.cl/fhir/ig/clcore/ImplementationGuide/hl7.fhir.cl.clcore"/><version value="1.8.12"/><name value="clcore"/><title value="Guía de Implementación ''cl core'' FHIR R4, (Versión Evolutiva)"/><status value="active"/><date value="2024-06-27T08:59:20-04:00"/><publisher value="HL7 Chile"/><contact><name value="HL7 Chile"/><telecom><system value="url"/><value value="http://hl7chile.cl"/></telecom><telecom><system value="email"/><value value="chair@hl7chile.cl"/></telecom></contact><description value="Guía de Implementación Versión de Desarrollo Sobre STU 1, para los perfiles Core que se van a requerir a nivel de desarrollo Nacional para Sistemas que Intercambien datos en estandar FHIR-R4"/><jurisdiction><coding><system value="urn:iso:std:iso:3166"/><code value="CL"/><display value="Chile"/></coding></jurisdiction><copyright value="Usado con el permiso de HL7 International, todos los derechos resevados en los Licencias de HL7 Internacional."/><packageId value="hl7.fhir.cl.clcore"/><license value="CC0-1.0"/><fhirVersion value="4.0.1"/><dependsOn id="hl7tx"><extension url="http://hl7.org/fhir/tools/StructureDefinition/implementationguide-dependency-comment"><valueMarkdown value="Automatically added as a dependency - all IGs depend on HL7 Terminology"/></extension><uri value="http://terminology.hl7.org/ImplementationGuide/hl7.terminology"/><packageId value="hl7.terminology.r4"/><version value="5.5.0"/></dependsOn><dependsOn id="hl7ext"><extension url="http://hl7.org/fhir/tools/StructureDefinition/implementationguide-dependency-comment"><valueMarkdown value="Automatically added as a dependency - all IGs depend on the HL7 Extension Pack"/></extension><uri value="http://hl7.org/fhir/extensions/ImplementationGuide/hl7.fhir.uv.extensions"/><packageId value="hl7.fhir.uv.extensions.r4"/><version value="5.1.0"/></dependsOn><definition><extension url="http://hl7.org/fhir/tools/StructureDefinition/ig-parameter"><extension url="code"><valueString value="copyrightyear"/></extension><extension url="value"><valueString value="2024+"/></extension></extension><extension url="http://hl7.org/fhir/tools/StructureDefinition/ig-parameter"><extension url="code"><valueString value="releaselabel"/></extension><extension url="value"><valueString value="draft"/></extension></extension><extension url="http://hl7.org/fhir/tools/StructureDefinition/ig-parameter"><extension url="code"><valueString value="apply-publisher"/></extension><extension url="value"><valueString value="true"/></extension></extension><extension url="http://hl7.org/fhir/tools/StructureDefinition/ig-parameter"><extension url="code"><valueString value="apply-contact"/></extension><extension url="value"><valueString value="true"/></extension></extension><extension url="http://hl7.org/fhir/tools/StructureDefinition/ig-parameter"><extension url="code"><valueString value="show-inherited-invariants"/></extension><extension url="value"><valueString value="false"/></extension></extension><extension url="http://hl7.org/fhir/tools/StructureDefinition/ig-parameter"><extension url="code"><valueString value="excludettl"/></extension><extension url="value"><valueString value="true"/></extension></extension><extension url="http://hl7.org/fhir/tools/StructureDefinition/ig-parameter"><extension url="code"><valueString value="generate"/></extension><extension url="value"><valueString value="genExamples"/></extension></extension><extension url="http://hl7.org/fhir/tools/StructureDefinition/ig-parameter"><extension url="code"><valueString value="autoload-resources"/></extension><extension url="value"><valueString value="true"/></extension></extension><extension url="http://hl7.org/fhir/tools/StructureDefinition/ig-parameter"><extension url="code"><valueString value="path-liquid"/></extension><extension url="value"><valueString value="template/liquid"/></extension></extension><extension url="http://hl7.org/fhir/tools/StructureDefinition/ig-parameter"><extension url="code"><valueString value="path-liquid"/></extension><extension url="value"><valueString value="input/liquid"/></extension></extension><extension url="http://hl7.org/fhir/tools/StructureDefinition/ig-parameter"><extension url="code"><valueString value="path-qa"/></extension><extension url="value"><valueString value="temp/qa"/></extension></extension><extension url="http://hl7.org/fhir/tools/StructureDefinition/ig-parameter"><extension url="code"><valueString value="path-temp"/></extension><extension url="value"><valueString value="temp/pages"/></extension></extension><extension url="http://hl7.org/fhir/tools/StructureDefinition/ig-parameter"><extension url="code"><valueString value="path-output"/></extension><extension url="value"><valueString value="output"/></extension></extension><extension url="http://hl7.org/fhir/tools/StructureDefinition/ig-parameter"><extension url="code"><valueString value="path-suppressed-warnings"/></extension><extension url="value"><valueString value="input/ignoreWarnings.txt"/></extension></extension><extension url="http://hl7.org/fhir/tools/StructureDefinition/ig-parameter"><extension url="code"><valueString value="path-history"/></extension><extension url="value"><valueString value="https://hl7chile.cl/fhir/ig/clcore/history.html"/></extension></extension><extension url="http://hl7.org/fhir/tools/StructureDefinition/ig-parameter"><extension url="code"><valueString value="template-html"/></extension><extension url="value"><valueString value="template-page.html"/></extension></extension><extension url="http://hl7.org/fhir/tools/StructureDefinition/ig-parameter"><extension url="code"><valueString value="template-md"/></extension><extension url="value"><valueString value="template-page-md.html"/></extension></extension><extension url="http://hl7.org/fhir/tools/StructureDefinition/ig-parameter"><extension url="code"><valueString value="apply-context"/></extension><extension url="value"><valueString value="true"/></extension></extension><extension url="http://hl7.org/fhir/tools/StructureDefinition/ig-parameter"><extension url="code"><valueString value="apply-copyright"/></extension><extension url="value"><valueString value="true"/></extension></extension><extension url="http://hl7.org/fhir/tools/StructureDefinition/ig-parameter"><extension url="code"><valueString value="apply-jurisdiction"/></extension><extension url="value"><valueString value="true"/></extension></extension><extension url="http://hl7.org/fhir/tools/StructureDefinition/ig-parameter"><extension url="code"><valueString value="apply-license"/></extension><extension url="value"><valueString value="true"/></extension></extension><extension url="http://hl7.org/fhir/tools/StructureDefinition/ig-parameter"><extension url="code"><valueString value="apply-version"/></extension><extension url="value"><valueString value="true"/></extension></extension><extension url="http://hl7.org/fhir/tools/StructureDefinition/ig-parameter"><extension url="code"><valueString value="apply-wg"/></extension><extension url="value"><valueString value="true"/></extension></extension><extension url="http://hl7.org/fhir/tools/StructureDefinition/ig-parameter"><extension url="code"><valueString value="active-tables"/></extension><extension url="value"><valueString value="true"/></extension></extension><extension url="http://hl7.org/fhir/tools/StructureDefinition/ig-parameter"><extension url="code"><valueString value="fmm-definition"/></extension><extension url="value"><valueString value="http://hl7.org/fhir/versions.html#maturity"/></extension></extension><extension url="http://hl7.org/fhir/tools/StructureDefinition/ig-parameter"><extension url="code"><valueString value="propagate-status"/></extension><extension url="value"><valueString value="true"/></extension></extension><extension url="http://hl7.org/fhir/tools/StructureDefinition/ig-parameter"><extension url="code"><valueString value="excludelogbinaryformat"/></extension><extension url="value"><valueString value="true"/></extension></extension><extension url="http://hl7.org/fhir/tools/StructureDefinition/ig-parameter"><extension url="code"><valueString value="tabbed-snapshots"/></extension><extension url="value"><valueString value="true"/></extension></extension><extension url="http://hl7.org/fhir/tools/StructureDefinition/ig-internal-dependency"><valueCode value="hl7.fhir.uv.tools#0.1.0"/></extension><extension url="http://hl7.org/fhir/tools/StructureDefinition/ig-parameter"><extension url="code"><valueCode value="copyrightyear"/></extension><extension url="value"><valueString value="2024+"/></extension></extension><extension url="http://hl7.org/fhir/tools/StructureDefinition/ig-parameter"><extension url="code"><valueCode value="releaselabel"/></extension><extension url="value"><valueString value="draft"/></extension></extension><extension url="http://hl7.org/fhir/tools/StructureDefinition/ig-parameter"><extension url="code"><valueCode value="apply-publisher"/></extension><extension url="value"><valueString value="true"/></extension></extension><extension url="http://hl7.org/fhir/tools/StructureDefinition/ig-parameter"><extension url="code"><valueCode value="apply-contact"/></extension><extension url="value"><valueString value="true"/></extension></extension><extension url="http://hl7.org/fhir/tools/StructureDefinition/ig-parameter"><extension url="code"><valueCode value="show-inherited-invariants"/></extension><extension url="value"><valueString value="false"/></extension></extension><extension url="http://hl7.org/fhir/tools/StructureDefinition/ig-parameter"><extension url="code"><valueCode value="excludettl"/></extension><extension url="value"><valueString value="true"/></extension></extension><extension url="http://hl7.org/fhir/tools/StructureDefinition/ig-parameter"><extension url="code"><valueCode value="generate"/></extension><extension url="value"><valueString value="genExamples"/></extension></extension><extension url="http://hl7.org/fhir/tools/StructureDefinition/ig-parameter"><extension url="code"><valueCode value="autoload-resources"/></extension><extension url="value"><valueString value="true"/></extension></extension><extension url="http://hl7.org/fhir/tools/StructureDefinition/ig-parameter"><extension url="code"><valueCode value="path-liquid"/></extension><extension url="value"><valueString value="template/liquid"/></extension></extension><extension url="http://hl7.org/fhir/tools/StructureDefinition/ig-parameter"><extension url="code"><valueCode value="path-liquid"/></extension><extension url="value"><valueString value="input/liquid"/></extension></extension><extension url="http://hl7.org/fhir/tools/StructureDefinition/ig-parameter"><extension url="code"><valueCode value="path-qa"/></extension><extension url="value"><valueString value="temp/qa"/></extension></extension><extension url="http://hl7.org/fhir/tools/StructureDefinition/ig-parameter"><extension url="code"><valueCode value="path-temp"/></extension><extension url="value"><valueString value="temp/pages"/></extension></extension><extension url="http://hl7.org/fhir/tools/StructureDefinition/ig-parameter"><extension url="code"><valueCode value="path-output"/></extension><extension url="value"><valueString value="output"/></extension></extension><extension url="http://hl7.org/fhir/tools/StructureDefinition/ig-parameter"><extension url="code"><valueCode value="path-suppressed-warnings"/></extension><extension url="value"><valueString value="input/ignoreWarnings.txt"/></extension></extension><extension url="http://hl7.org/fhir/tools/StructureDefinition/ig-parameter"><extension url="code"><valueCode value="path-history"/></extension><extension url="value"><valueString value="https://hl7chile.cl/fhir/ig/clcore/history.html"/></extension></extension><extension url="http://hl7.org/fhir/tools/StructureDefinition/ig-parameter"><extension url="code"><valueCode value="template-html"/></extension><extension url="value"><valueString value="template-page.html"/></extension></extension><extension url="http://hl7.org/fhir/tools/StructureDefinition/ig-parameter"><extension url="code"><valueCode value="template-md"/></extension><extension url="value"><valueString value="template-page-md.html"/></extension></extension><extension url="http://hl7.org/fhir/tools/StructureDefinition/ig-parameter"><extension url="code"><valueCode value="apply-context"/></extension><extension url="value"><valueString value="true"/></extension></extension><extension url="http://hl7.org/fhir/tools/StructureDefinition/ig-parameter"><extension url="code"><valueCode value="apply-copyright"/></extension><extension url="value"><valueString value="true"/></extension></extension><extension url="http://hl7.org/fhir/tools/StructureDefinition/ig-parameter"><extension url="code"><valueCode value="apply-jurisdiction"/></extension><extension url="value"><valueString value="true"/></extension></extension><extension url="http://hl7.org/fhir/tools/StructureDefinition/ig-parameter"><extension url="code"><valueCode value="apply-license"/></extension><extension url="value"><valueString value="true"/></extension></extension><extension url="http://hl7.org/fhir/tools/StructureDefinition/ig-parameter"><extension url="code"><valueCode value="apply-version"/></extension><extension url="value"><valueString value="true"/></extension></extension><extension url="http://hl7.org/fhir/tools/StructureDefinition/ig-parameter"><extension url="code"><valueCode value="apply-wg"/></extension><extension url="value"><valueString value="true"/></extension></extension><extension url="http://hl7.org/fhir/tools/StructureDefinition/ig-parameter"><extension url="code"><valueCode value="active-tables"/></extension><extension url="value"><valueString value="true"/></extension></extension><extension url="http://hl7.org/fhir/tools/StructureDefinition/ig-parameter"><extension url="code"><valueCode value="fmm-definition"/></extension><extension url="value"><valueString value="http://hl7.org/fhir/versions.html#maturity"/></extension></extension><extension url="http://hl7.org/fhir/tools/StructureDefinition/ig-parameter"><extension url="code"><valueCode value="propagate-status"/></extension><extension url="value"><valueString value="true"/></extension></extension><extension url="http://hl7.org/fhir/tools/StructureDefinition/ig-parameter"><extension url="code"><valueCode value="excludelogbinaryformat"/></extension><extension url="value"><valueString value="true"/></extension></extension><extension url="http://hl7.org/fhir/tools/StructureDefinition/ig-parameter"><extension url="code"><valueCode value="tabbed-snapshots"/></extension><extension url="value"><valueString value="true"/></extension></extension><extension url="http://hl7.org/fhir/tools/StructureDefinition/ig-parameter"><extension url="code"><valueCode value="copyrightyear"/></extension><extension url="value"><valueString value="2024+"/></extension></extension><extension url="http://hl7.org/fhir/tools/StructureDefinition/ig-parameter"><extension url="code"><valueCode value="releaselabel"/></extension><extension url="value"><valueString value="draft"/></extension></extension><extension url="http://hl7.org/fhir/tools/StructureDefinition/ig-parameter"><extension url="code"><valueCode value="apply-publisher"/></extension><extension url="value"><valueString value="true"/></extension></extension><extension url="http://hl7.org/fhir/tools/StructureDefinition/ig-parameter"><extension url="code"><valueCode value="apply-contact"/></extension><extension url="value"><valueString value="true"/></extension></extension><extension url="http://hl7.org/fhir/tools/StructureDefinition/ig-parameter"><extension url="code"><valueCode value="show-inherited-invariants"/></extension><extension url="value"><valueString value="false"/></extension></extension><extension url="http://hl7.org/fhir/tools/StructureDefinition/ig-parameter"><extension url="code"><valueCode value="excludettl"/></extension><extension url="value"><valueString value="true"/></extension></extension><extension url="http://hl7.org/fhir/tools/StructureDefinition/ig-parameter"><extension url="code"><valueCode value="generate"/></extension><extension url="value"><valueString value="genExamples"/></extension></extension><extension url="http://hl7.org/fhir/tools/StructureDefinition/ig-parameter"><extension url="code"><valueCode value="autoload-resources"/></extension><extension url="value"><valueString value="true"/></extension></extension><extension url="http://hl7.org/fhir/tools/StructureDefinition/ig-parameter"><extension url="code"><valueCode value="path-liquid"/></extension><extension url="value"><valueString value="template/liquid"/></extension></extension><extension url="http://hl7.org/fhir/tools/StructureDefinition/ig-parameter"><extension url="code"><valueCode value="path-liquid"/></extension><extension url="value"><valueString value="input/liquid"/></extension></extension><extension url="http://hl7.org/fhir/tools/StructureDefinition/ig-parameter"><extension url="code"><valueCode value="path-qa"/></extension><extension url="value"><valueString value="temp/qa"/></extension></extension><extension url="http://hl7.org/fhir/tools/StructureDefinition/ig-parameter"><extension url="code"><valueCode value="path-temp"/></extension><extension url="value"><valueString value="temp/pages"/></extension></extension><extension url="http://hl7.org/fhir/tools/StructureDefinition/ig-parameter"><extension url="code"><valueCode value="path-output"/></extension><extension url="value"><valueString value="output"/></extension></extension><extension url="http://hl7.org/fhir/tools/StructureDefinition/ig-parameter"><extension url="code"><valueCode value="path-suppressed-warnings"/></extension><extension url="value"><valueString value="input/ignoreWarnings.txt"/></extension></extension><extension url="http://hl7.org/fhir/tools/StructureDefinition/ig-parameter"><extension url="code"><valueCode value="path-history"/></extension><extension url="value"><valueString value="https://hl7chile.cl/fhir/ig/clcore/history.html"/></extension></extension><extension url="http://hl7.org/fhir/tools/StructureDefinition/ig-parameter"><extension url="code"><valueCode value="template-html"/></extension><extension url="value"><valueString value="template-page.html"/></extension></extension><extension url="http://hl7.org/fhir/tools/StructureDefinition/ig-parameter"><extension url="code"><valueCode value="template-md"/></extension><extension url="value"><valueString value="template-page-md.html"/></extension></extension><extension url="http://hl7.org/fhir/tools/StructureDefinition/ig-parameter"><extension url="code"><valueCode value="apply-context"/></extension><extension url="value"><valueString value="true"/></extension></extension><extension url="http://hl7.org/fhir/tools/StructureDefinition/ig-parameter"><extension url="code"><valueCode value="apply-copyright"/></extension><extension url="value"><valueString value="true"/></extension></extension><extension url="http://hl7.org/fhir/tools/StructureDefinition/ig-parameter"><extension url="code"><valueCode value="apply-jurisdiction"/></extension><extension url="value"><valueString value="true"/></extension></extension><extension url="http://hl7.org/fhir/tools/StructureDefinition/ig-parameter"><extension url="code"><valueCode value="apply-license"/></extension><extension url="value"><valueString value="true"/></extension></extension><extension url="http://hl7.org/fhir/tools/StructureDefinition/ig-parameter"><extension url="code"><valueCode value="apply-version"/></extension><extension url="value"><valueString value="true"/></extension></extension><extension url="http://hl7.org/fhir/tools/StructureDefinition/ig-parameter"><extension url="code"><valueCode value="apply-wg"/></extension><extension url="value"><valueString value="true"/></extension></extension><extension url="http://hl7.org/fhir/tools/StructureDefinition/ig-parameter"><extension url="code"><valueCode value="active-tables"/></extension><extension url="value"><valueString value="true"/></extension></extension><extension url="http://hl7.org/fhir/tools/StructureDefinition/ig-parameter"><extension url="code"><valueCode value="fmm-definition"/></extension><extension url="value"><valueString value="http://hl7.org/fhir/versions.html#maturity"/></extension></extension><extension url="http://hl7.org/fhir/tools/StructureDefinition/ig-parameter"><extension url="code"><valueCode value="propagate-status"/></extension><extension url="value"><valueString value="true"/></extension></extension><extension url="http://hl7.org/fhir/tools/StructureDefinition/ig-parameter"><extension url="code"><valueCode value="excludelogbinaryformat"/></extension><extension url="value"><valueString value="true"/></extension></extension><extension url="http://hl7.org/fhir/tools/StructureDefinition/ig-parameter"><extension url="code"><valueCode value="tabbed-snapshots"/></extension><extension url="value"><valueString value="true"/></extension></extension><grouping id="-str-profile"><name value="Structures: Resource Profiles"/><description value="These define constraints on FHIR resources for systems conforming to this implementation guide."/></grouping><grouping id="-str-datatype"><name value="Structures: Data Type Profiles"/><description value="These define constraints on FHIR data types for systems conforming to this implementation guide."/></grouping><grouping id="-str-extension"><name value="Structures: Extension Definitions"/><description value="These define constraints on FHIR data types for systems conforming to this implementation guide."/></grouping><grouping id="-term-valueset"><name value="Terminology: Value Sets"/><description value="These define sets of codes used by systems conforming to this implementation guide."/></grouping><grouping id="-term-codesystem"><name value="Terminology: Code Systems"/><description value="These define new code systems used by systems conforming to this implementation guide."/></grouping><grouping id="-ex-example"><name value="Example: Example Instances"/><description value="These are example instances that show what data produced and consumed by systems conforming with this implementation guide might look like."/></grouping><resource><extension url="http://hl7.org/fhir/tools/StructureDefinition/resource-sort"><valueInteger value="999999999"/></extension><extension url="http://hl7.org/fhir/StructureDefinition/implementationguide-page"><valueUri value="StructureDefinition-AuditEventCl.html"/></extension><reference><reference value="StructureDefinition/AuditEventCl"/></reference><name value="CL Auditoria"/><description value="Perfil para genererar un recurso que permita desarrollar auditoría de las transacciones realizadas"/><exampleBoolean value="false"/><groupingId value="-str-profile"/></resource><resource><extension url="http://hl7.org/fhir/tools/StructureDefinition/resource-sort"><valueInteger value="999999999"/></extension><extension url="http://hl7.org/fhir/StructureDefinition/implementationguide-page"><valueUri value="StructureDefinition-CoreDiagnosticoCl.html"/></extension><reference><reference value="StructureDefinition/CoreDiagnosticoCl"/></reference><name value="CL Condición-Diagnóstico"/><description value="Condicion o Diagnósticos de Pacientes"/><exampleBoolean value="false"/><groupingId value="-str-profile"/></resource><resource><extension url="http://hl7.org/fhir/tools/StructureDefinition/resource-sort"><valueInteger value="999999999"/></extension><extension url="http://hl7.org/fhir/StructureDefinition/implementationguide-page"><valueUri value="StructureDefinition-DocumentoCl.html"/></extension><reference><reference value="StructureDefinition/DocumentoCl"/></reference><name value="CL Documento"/><description value="De un formato genérico para documento clínico en Chile."/><exampleBoolean value="false"/><groupingId value="-str-profile"/></resource><resource><extension url="http://hl7.org/fhir/tools/StructureDefinition/resource-sort"><valueInteger value="999999999"/></extension><extension url="http://hl7.org/fhir/StructureDefinition/implementationguide-page"><valueUri value="StructureDefinition-ImmunizationCL.html"/></extension><reference><reference value="StructureDefinition/ImmunizationCL"/></reference><name value="CL Inmunización"/><description value="Definición de un evento de inmunización para las necesidades de interoperabilidad en Chile."/><exampleBoolean value="false"/><groupingId value="-str-profile"/></resource><resource><extension url="http://hl7.org/fhir/tools/StructureDefinition/resource-sort"><valueInteger value="999999999"/></extension><extension url="http://hl7.org/fhir/StructureDefinition/implementationguide-page"><valueUri value="StructureDefinition-CoreLocalizacionCl.html"/></extension><reference><reference value="StructureDefinition/CoreLocalizacionCl"/></reference><name value="CL Localización"/><description value="Este perfil determina la ubicación especifica para un evento, objeto o Infraestructura específica. Este perfil permite vinlcular la localización especifica con una organización o espacio físico específico"/><exampleBoolean value="false"/><groupingId value="-str-profile"/></resource><resource><extension url="http://hl7.org/fhir/tools/StructureDefinition/resource-sort"><valueInteger value="999999999"/></extension><extension url="http://hl7.org/fhir/StructureDefinition/implementationguide-page"><valueUri value="StructureDefinition-CoreMedicamentoCl.html"/></extension><reference><reference value="StructureDefinition/CoreMedicamentoCl"/></reference><name value="CL Medicamento"/><description value="Este Perfil ha sido desarrollado para cubrir las necesidades de definición de un medicamento."/><exampleBoolean value="false"/><groupingId value="-str-profile"/></resource><resource><extension url="http://hl7.org/fhir/tools/StructureDefinition/resource-sort"><valueInteger value="999999999"/></extension><extension url="http://hl7.org/fhir/StructureDefinition/implementationguide-page"><valueUri value="StructureDefinition-CoreOrganizacionCl.html"/></extension><reference><reference value="StructureDefinition/CoreOrganizacionCl"/></reference><name value="CL Organización"/><description value="Este Perfil ha sido desarrollado para cubrir las necesidades del Caso de Uso de Receta Electrónica. Sin embargo, se ha modelado para también cubrir las necesidades nacionales de un Recurso de Organzación en Salud"/><exampleBoolean value="false"/><groupingId value="-str-profile"/></resource><resource><extension url="http://hl7.org/fhir/tools/StructureDefinition/resource-sort"><valueInteger value="999999999"/></extension><extension url="http://hl7.org/fhir/StructureDefinition/implementationguide-page"><valueUri value="StructureDefinition-CorePacienteCl.html"/></extension><reference><reference value="StructureDefinition/CorePacienteCl"/></reference><name value="CL Paciente"/><description value="Este Perfil ha sido desarrollado para cubrir las necesidades del Caso de Uso de Receta Electrónica. Sin embargo, se ha modelado con el fin de cubrir las necesidades nacionales de un Recurso Paciente para un Historial Clínico Nacional"/><exampleBoolean value="false"/><groupingId value="-str-profile"/></resource><resource><extension url="http://hl7.org/fhir/tools/StructureDefinition/resource-sort"><valueInteger value="999999999"/></extension><extension url="http://hl7.org/fhir/StructureDefinition/implementationguide-page"><valueUri value="StructureDefinition-CorePrestadorCl.html"/></extension><reference><reference value="StructureDefinition/CorePrestadorCl"/></reference><name value="CL Prestador"/><description value="Este Perfil fue creado para cubrir la descripción de un Prestador a nivel Nacional"/><exampleBoolean value="false"/><groupingId value="-str-profile"/></resource><resource><extension url="http://hl7.org/fhir/tools/StructureDefinition/resource-sort"><valueInteger value="999999999"/></extension><extension url="http://hl7.org/fhir/StructureDefinition/implementationguide-page"><valueUri value="StructureDefinition-ProvenanceCl.html"/></extension><reference><reference value="StructureDefinition/ProvenanceCl"/></reference><name value="CL Provenance"/><description value="Este Perfil describe la forma de validación respecto a la procedencia de un recurso genrado durante un acto clínico."/><exampleBoolean value="false"/><groupingId value="-str-profile"/></resource><resource><extension url="http://hl7.org/fhir/tools/StructureDefinition/resource-sort"><valueInteger value="999999999"/></extension><extension url="http://hl7.org/fhir/StructureDefinition/implementationguide-page"><valueUri value="StructureDefinition-CoreRolClinicoCl.html"/></extension><reference><reference value="StructureDefinition/CoreRolClinicoCl"/></reference><name value="CL RolClinico"/><description value="Este Perfil ha sido desarrollado para cubrir las necesidades del Caso de Uso de Receta Electrónica. Sin embargo, se ha modelado con el fin de cubrir las necesidades nacionales de un Recurso de Especialidad Médica para la denominación de Prescriptor en Chile"/><exampleBoolean value="false"/><groupingId value="-str-profile"/></resource><resource><extension url="http://hl7.org/fhir/tools/StructureDefinition/resource-sort"><valueInteger value="999999999"/></extension><extension url="http://hl7.org/fhir/StructureDefinition/implementationguide-page"><valueUri value="StructureDefinition-EncounterCL.html"/></extension><reference><reference value="StructureDefinition/EncounterCL"/></reference><name value="Encuentro Clínico"/><description value="Definición de encuentro clínico genérico para Chile"/><exampleBoolean value="false"/><groupingId value="-str-profile"/></resource><resource><extension url="http://hl7.org/fhir/tools/StructureDefinition/resource-sort"><valueInteger value="999999999"/></extension><extension url="http://hl7.org/fhir/StructureDefinition/implementationguide-page"><valueUri value="StructureDefinition-cl-address.html"/></extension><reference><reference value="StructureDefinition/cl-address"/></reference><name value="CL Address"/><description value="Variable dirección"/><exampleBoolean value="false"/><groupingId value="-str-datatype"/></resource><resource><extension url="http://hl7.org/fhir/tools/StructureDefinition/resource-sort"><valueInteger value="999999999"/></extension><extension url="http://hl7.org/fhir/StructureDefinition/implementationguide-page"><valueUri value="StructureDefinition-CodigoPaises.html"/></extension><reference><reference value="StructureDefinition/CodigoPaises"/></reference><name value="Codigo de Paises"/><description value="Esta extensión incluye códigos de paises"/><exampleBoolean value="false"/><groupingId value="-str-extension"/></resource><resource><extension url="http://hl7.org/fhir/tools/StructureDefinition/resource-sort"><valueInteger value="999999999"/></extension><extension url="http://hl7.org/fhir/StructureDefinition/implementationguide-page"><valueUri value="StructureDefinition-ComunasCl.html"/></extension><reference><reference value="StructureDefinition/ComunasCl"/></reference><name value="Códigos para Comunas en Chile"/><description value="Esta extensión que permite codiificar las Comunas en Chile en el campo de Dirección"/><exampleBoolean value="false"/><groupingId value="-str-extension"/></resource><resource><extension url="http://hl7.org/fhir/tools/StructureDefinition/resource-sort"><valueInteger value="999999999"/></extension><extension url="http://hl7.org/fhir/StructureDefinition/implementationguide-page"><valueUri value="StructureDefinition-ProvinciasCl.html"/></extension><reference><reference value="StructureDefinition/ProvinciasCl"/></reference><name value="Códigos para Provincias en Chile"/><description value="Esta extensión que permite codificar las Provincias en Chile en el campo de Dirección"/><exampleBoolean value="false"/><groupingId value="-str-extension"/></resource><resource><extension url="http://hl7.org/fhir/tools/StructureDefinition/resource-sort"><valueInteger value="999999999"/></extension><extension url="http://hl7.org/fhir/StructureDefinition/implementationguide-page"><valueUri value="StructureDefinition-RegionesCl.html"/></extension><reference><reference value="StructureDefinition/RegionesCl"/></reference><name value="Códigos para Regiones en Chile"/><description value="Esta extensión que permite codificar las Regiones en Chile en el campo de Dirección"/><exampleBoolean value="false"/><groupingId value="-str-extension"/></resource><resource><extension url="http://hl7.org/fhir/tools/StructureDefinition/resource-sort"><valueInteger value="999999999"/></extension><extension url="http://hl7.org/fhir/StructureDefinition/implementationguide-page"><valueUri value="StructureDefinition-IdentidadDeGenero.html"/></extension><reference><reference value="StructureDefinition/IdentidadDeGenero"/></reference><name value="Identidad De Genero"/><description value="Identidad De Genero"/><exampleBoolean value="false"/><groupingId value="-str-extension"/></resource><resource><extension url="http://hl7.org/fhir/tools/StructureDefinition/resource-sort"><valueInteger value="999999999"/></extension><extension url="http://hl7.org/fhir/StructureDefinition/implementationguide-page"><valueUri value="StructureDefinition-IdContacto.html"/></extension><reference><reference value="StructureDefinition/IdContacto"/></reference><name value="Identificación del Contacto de un Paciente"/><description value="Identificación de contacto de paciente en especial para casos en los cuales este actúa como Tutor Legal"/><exampleBoolean value="false"/><groupingId value="-str-extension"/></resource><resource><extension url="http://hl7.org/fhir/tools/StructureDefinition/resource-sort"><valueInteger value="999999999"/></extension><extension url="http://hl7.org/fhir/StructureDefinition/implementationguide-page"><valueUri value="StructureDefinition-SegundoApellido.html"/></extension><reference><reference value="StructureDefinition/SegundoApellido"/></reference><name value="Segundo Apellido"/><description value="Segundo Apellido"/><exampleBoolean value="false"/><groupingId value="-str-extension"/></resource><resource><extension url="http://hl7.org/fhir/tools/StructureDefinition/resource-sort"><valueInteger value="999999999"/></extension><extension url="http://hl7.org/fhir/StructureDefinition/implementationguide-page"><valueUri value="StructureDefinition-SexoBiologico.html"/></extension><reference><reference value="StructureDefinition/SexoBiologico"/></reference><name value="Sexo Biologico del paciente"/><description value="Sexo Biologico del paciente"/><exampleBoolean value="false"/><groupingId value="-str-extension"/></resource><resource><extension url="http://hl7.org/fhir/tools/StructureDefinition/resource-sort"><valueInteger value="999999999"/></extension><extension url="http://hl7.org/fhir/StructureDefinition/implementationguide-page"><valueUri value="ValueSet-VSNombreCampana.html"/></extension><reference><reference value="ValueSet/VSNombreCampana"/></reference><name value="Campañas de Vacunación"/><description value="Campañas de Inmunización utilizada en Chile según CodeSystem local"/><exampleBoolean value="false"/><groupingId value="-term-valueset"/></resource><resource><extension url="http://hl7.org/fhir/tools/StructureDefinition/resource-sort"><valueInteger value="999999999"/></extension><extension url="http://hl7.org/fhir/StructureDefinition/implementationguide-page"><valueUri value="ValueSet-VSCodigoslenguaje.html"/></extension><reference><reference value="ValueSet/VSCodigoslenguaje"/></reference><name value="Codigos Lenguaje"/><description value="Códigos de leguaje"/><exampleBoolean value="false"/><groupingId value="-term-valueset"/></resource><resource><extension url="http://hl7.org/fhir/tools/StructureDefinition/resource-sort"><valueInteger value="999999999"/></extension><extension url="http://hl7.org/fhir/StructureDefinition/implementationguide-page"><valueUri value="ValueSet-VSCodigosComunaCL.html"/></extension><reference><reference value="ValueSet/VSCodigosComunaCL"/></reference><name value="Códigos de Comunas en Chile"/><description value="Códigos de Comunas para Chile según Códigos Únicos Territoriales Actualizados, por Decreto exento No 817 del Ministerio del Interior"/><exampleBoolean value="false"/><groupingId value="-term-valueset"/></resource><resource><extension url="http://hl7.org/fhir/tools/StructureDefinition/resource-sort"><valueInteger value="999999999"/></extension><extension url="http://hl7.org/fhir/StructureDefinition/implementationguide-page"><valueUri value="ValueSet-VSEspecialidadesDeisCL.html"/></extension><reference><reference value="ValueSet/VSEspecialidadesDeisCL"/></reference><name value="Códigos de Especialidades"/><description value="Códigos de especialidades médicas descritas según DEIS"/><exampleBoolean value="false"/><groupingId value="-term-valueset"/></resource><resource><extension url="http://hl7.org/fhir/tools/StructureDefinition/resource-sort"><valueInteger value="999999999"/></extension><extension url="http://hl7.org/fhir/StructureDefinition/implementationguide-page"><valueUri value="ValueSet-CodPais.html"/></extension><reference><reference value="ValueSet/CodPais"/></reference><name value="Códigos de Países"/><description value="Codigos definidos para la identificación de países segun norma ISO3166-N"/><exampleBoolean value="false"/><groupingId value="-term-valueset"/></resource><resource><extension url="http://hl7.org/fhir/tools/StructureDefinition/resource-sort"><valueInteger value="999999999"/></extension><extension url="http://hl7.org/fhir/StructureDefinition/implementationguide-page"><valueUri value="ValueSet-VSCodigosProvinciasCL.html"/></extension><reference><reference value="ValueSet/VSCodigosProvinciasCL"/></reference><name value="Códigos de Provincias en Chile"/><description value="Códigos de Provincias para Chile según Códigos Únicos Territoriales Actualizados, por Decreto exento No 817 del Ministerio del Interior"/><exampleBoolean value="false"/><groupingId value="-term-valueset"/></resource><resource><extension url="http://hl7.org/fhir/tools/StructureDefinition/resource-sort"><valueInteger value="999999999"/></extension><extension url="http://hl7.org/fhir/StructureDefinition/implementationguide-page"><valueUri value="ValueSet-VSCodigosRegionesCL.html"/></extension><reference><reference value="ValueSet/VSCodigosRegionesCL"/></reference><name value="Códigos de Regiones en Chile"/><description value="Códigos de Regiones para Chile según Códigos Únicos Territoriales Actualizados, por Decreto exento No 817 del Ministerio del Interior"/><exampleBoolean value="false"/><groupingId value="-term-valueset"/></resource><resource><extension url="http://hl7.org/fhir/tools/StructureDefinition/resource-sort"><valueInteger value="999999999"/></extension><extension url="http://hl7.org/fhir/StructureDefinition/implementationguide-page"><valueUri value="ValueSet-VSCodMadurez.html"/></extension><reference><reference value="ValueSet/VSCodMadurez"/></reference><name value="Códigos de grado de madurez del artefacto"/><description value="Códigos de grado de madurez del artefacto"/><exampleBoolean value="false"/><groupingId value="-term-valueset"/></resource><resource><extension url="http://hl7.org/fhir/tools/StructureDefinition/resource-sort"><valueInteger value="999999999"/></extension><extension url="http://hl7.org/fhir/StructureDefinition/implementationguide-page"><valueUri value="ValueSet-VSDiagnosticosSCT.html"/></extension><reference><reference value="ValueSet/VSDiagnosticosSCT"/></reference><name value="Diagnósticos SNOMED y Ausente o Desconocido"/><description value="Diagnósticos definidos en Snomed-CT."/><exampleBoolean value="false"/><groupingId value="-term-valueset"/></resource><resource><extension url="http://hl7.org/fhir/tools/StructureDefinition/resource-sort"><valueInteger value="999999999"/></extension><extension url="http://hl7.org/fhir/StructureDefinition/implementationguide-page"><valueUri value="ValueSet-VSIdentidaddeGenero.html"/></extension><reference><reference value="ValueSet/VSIdentidaddeGenero"/></reference><name value="Identidad de Genero"/><description value="Identidad de Genero"/><exampleBoolean value="false"/><groupingId value="-term-valueset"/></resource><resource><extension url="http://hl7.org/fhir/tools/StructureDefinition/resource-sort"><valueInteger value="999999999"/></extension><extension url="http://hl7.org/fhir/StructureDefinition/implementationguide-page"><valueUri value="ValueSet-VSRazonNOTinm.html"/></extension><reference><reference value="ValueSet/VSRazonNOTinm"/></reference><name value="Razones no Inmunización"/><description value="Razones por la que no se lleva a cabo la administración de una vacuna o registro de una inmunización según CodeSystem local"/><exampleBoolean value="false"/><groupingId value="-term-valueset"/></resource><resource><extension url="http://hl7.org/fhir/tools/StructureDefinition/resource-sort"><valueInteger value="999999999"/></extension><extension url="http://hl7.org/fhir/StructureDefinition/implementationguide-page"><valueUri value="ValueSet-VSSexoListadoDeis.html"/></extension><reference><reference value="ValueSet/VSSexoListadoDeis"/></reference><name value="Sexo Listado Deis"/><description value="Sexo Listado Deis"/><exampleBoolean value="false"/><groupingId value="-term-valueset"/></resource><resource><extension url="http://hl7.org/fhir/tools/StructureDefinition/resource-sort"><valueInteger value="999999999"/></extension><extension url="http://hl7.org/fhir/StructureDefinition/implementationguide-page"><valueUri value="ValueSet-VSTipoIdentificador.html"/></extension><reference><reference value="ValueSet/VSTipoIdentificador"/></reference><name value="Tipo Identificador"/><description value="Tipo Identificador"/><exampleBoolean value="false"/><groupingId value="-term-valueset"/></resource><resource><extension url="http://hl7.org/fhir/tools/StructureDefinition/resource-sort"><valueInteger value="999999999"/></extension><extension url="http://hl7.org/fhir/StructureDefinition/implementationguide-page"><valueUri value="ValueSet-VSTiposDocumentos.html"/></extension><reference><reference value="ValueSet/VSTiposDocumentos"/></reference><name value="Tipos de Documentos"/><description value="Tipos de Documentos para identificación según tabla HL7 V3 y CodeSystem local."/><exampleBoolean value="false"/><groupingId value="-term-valueset"/></resource><resource><extension url="http://hl7.org/fhir/tools/StructureDefinition/resource-sort"><valueInteger value="999999999"/></extension><extension url="http://hl7.org/fhir/StructureDefinition/implementationguide-page"><valueUri value="ValueSet-VSTiposDocClinico.html"/></extension><reference><reference value="ValueSet/VSTiposDocClinico"/></reference><name value="Tipos de Documentos Clínicos"/><description value="Tipos de Documentos clínicos para Composition. Se trae todo Loinc, se requerirá un VS específico"/><exampleBoolean value="false"/><groupingId value="-term-valueset"/></resource><resource><extension url="http://hl7.org/fhir/tools/StructureDefinition/resource-sort"><valueInteger value="999999999"/></extension><extension url="http://hl7.org/fhir/StructureDefinition/implementationguide-page"><valueUri value="ValueSet-VSTiposEncuentroCL.html"/></extension><reference><reference value="ValueSet/VSTiposEncuentroCL"/></reference><name value="Tipos de Encuentro"/><description value="Códigos de Encuentros según MINSAL"/><exampleBoolean value="false"/><groupingId value="-term-valueset"/></resource><resource><extension url="http://hl7.org/fhir/tools/StructureDefinition/resource-sort"><valueInteger value="999999999"/></extension><extension url="http://hl7.org/fhir/StructureDefinition/implementationguide-page"><valueUri value="ValueSet-VSTiposServicio.html"/></extension><reference><reference value="ValueSet/VSTiposServicio"/></reference><name value="Tipos de Servicios Remotos"/><description value="Tipos de Servicios para encuentro remoto según CodeSystem local"/><exampleBoolean value="false"/><groupingId value="-term-valueset"/></resource><resource><extension url="http://hl7.org/fhir/tools/StructureDefinition/resource-sort"><valueInteger value="999999999"/></extension><extension url="http://hl7.org/fhir/StructureDefinition/implementationguide-page"><valueUri value="ValueSet-VSTiposVacunas.html"/></extension><reference><reference value="ValueSet/VSTiposVacunas"/></reference><name value="Tipos de Vacunas RNI"/><description value="Tipos de Vacunas utilizadas en Chile según CodeSystem local"/><exampleBoolean value="false"/><groupingId value="-term-valueset"/></resource><resource><extension url="http://hl7.org/fhir/tools/StructureDefinition/resource-sort"><valueInteger value="999999999"/></extension><extension url="http://hl7.org/fhir/StructureDefinition/implementationguide-page"><valueUri value="CodeSystem-CSNombreCampana.html"/></extension><reference><reference value="CodeSystem/CSNombreCampana"/></reference><name value="Campañas Inmunización"/><description value="Códigos de las campañas de vacunas o inmunizaciones según indicaciones del Ministerio de Salud"/><exampleBoolean value="false"/><groupingId value="-term-codesystem"/></resource><resource><extension url="http://hl7.org/fhir/tools/StructureDefinition/resource-sort"><valueInteger value="999999999"/></extension><extension url="http://hl7.org/fhir/StructureDefinition/implementationguide-page"><valueUri value="CodeSystem-CSCodigoslenguaje.html"/></extension><reference><reference value="CodeSystem/CSCodigoslenguaje"/></reference><name value="Codigos Lenguaje"/><description value="Codigoslenguaje"/><exampleBoolean value="false"/><groupingId value="-term-codesystem"/></resource><resource><extension url="http://hl7.org/fhir/tools/StructureDefinition/resource-sort"><valueInteger value="999999999"/></extension><extension url="http://hl7.org/fhir/StructureDefinition/implementationguide-page"><valueUri value="CodeSystem-CSCodComunasCL.html"/></extension><reference><reference value="CodeSystem/CSCodComunasCL"/></reference><name value="Códigos de Comunas en Chile"/><description value="Códigos de Comunas para Chile según Códigos Únicos Territoriales Actualizados, por Decreto exento No 817 del Ministerio del Interior"/><exampleBoolean value="false"/><groupingId value="-term-codesystem"/></resource><resource><extension url="http://hl7.org/fhir/tools/StructureDefinition/resource-sort"><valueInteger value="999999999"/></extension><extension url="http://hl7.org/fhir/StructureDefinition/implementationguide-page"><valueUri value="CodeSystem-CSCodigoDNI.html"/></extension><reference><reference value="CodeSystem/CSCodigoDNI"/></reference><name value="Códigos de Documentos DNI para LATAM y el Caribe"/><description value="Códigos para los DNI de países de America Latina y el Caribe según indicaciones de VS HL7 de V3"/><exampleBoolean value="false"/><groupingId value="-term-codesystem"/></resource><resource><extension url="http://hl7.org/fhir/tools/StructureDefinition/resource-sort"><valueInteger value="999999999"/></extension><extension url="http://hl7.org/fhir/StructureDefinition/implementationguide-page"><valueUri value="CodeSystem-CSEspecialidadesDeisCL.html"/></extension><reference><reference value="CodeSystem/CSEspecialidadesDeisCL"/></reference><name value="Códigos de Especialidades"/><description value="Códigos de especialidades médicas descritas según DEIS"/><exampleBoolean value="false"/><groupingId value="-term-codesystem"/></resource><resource><extension url="http://hl7.org/fhir/tools/StructureDefinition/resource-sort"><valueInteger value="999999999"/></extension><extension url="http://hl7.org/fhir/StructureDefinition/implementationguide-page"><valueUri value="CodeSystem-CodPais.html"/></extension><reference><reference value="CodeSystem/CodPais"/></reference><name value="Códigos de Países"/><description value="Codigos definidos para la identificación de países segun norma ISO3166-N"/><exampleBoolean value="false"/><groupingId value="-term-codesystem"/></resource><resource><extension url="http://hl7.org/fhir/tools/StructureDefinition/resource-sort"><valueInteger value="999999999"/></extension><extension url="http://hl7.org/fhir/StructureDefinition/implementationguide-page"><valueUri value="CodeSystem-CSCodProvinciasCL.html"/></extension><reference><reference value="CodeSystem/CSCodProvinciasCL"/></reference><name value="Códigos de Provincias en Chile"/><description value="Códigos de Provincias para Chile según Códigos Únicos Territoriales Actualizados, por Decreto exento No 817 del Ministerio del Interior"/><exampleBoolean value="false"/><groupingId value="-term-codesystem"/></resource><resource><extension url="http://hl7.org/fhir/tools/StructureDefinition/resource-sort"><valueInteger value="999999999"/></extension><extension url="http://hl7.org/fhir/StructureDefinition/implementationguide-page"><valueUri value="CodeSystem-CSCodRegionCL.html"/></extension><reference><reference value="CodeSystem/CSCodRegionCL"/></reference><name value="Códigos de Regiones en Chile"/><description value="Códigos de Regiones para Chile según Códigos Únicos Territoriales Actualizados, por Decreto exento No 817 del Ministerio del Interior"/><exampleBoolean value="false"/><groupingId value="-term-codesystem"/></resource><resource><extension url="http://hl7.org/fhir/tools/StructureDefinition/resource-sort"><valueInteger value="999999999"/></extension><extension url="http://hl7.org/fhir/StructureDefinition/implementationguide-page"><valueUri value="CodeSystem-CSCodigoVacunas.html"/></extension><reference><reference value="CodeSystem/CSCodigoVacunas"/></reference><name value="Códigos de Vacunas RNI"/><description value="Códigos de las vacunas o inmunizaciones según indicaciones del Ministerio de Salud"/><exampleBoolean value="false"/><groupingId value="-term-codesystem"/></resource><resource><extension url="http://hl7.org/fhir/tools/StructureDefinition/resource-sort"><valueInteger value="999999999"/></extension><extension url="http://hl7.org/fhir/StructureDefinition/implementationguide-page"><valueUri value="CodeSystem-CSCodMadurez.html"/></extension><reference><reference value="CodeSystem/CSCodMadurez"/></reference><name value="Códigos de grado de madurez del artefacto"/><description value="Códigos de grado de madurez del artefacto"/><exampleBoolean value="false"/><groupingId value="-term-codesystem"/></resource><resource><extension url="http://hl7.org/fhir/tools/StructureDefinition/resource-sort"><valueInteger value="999999999"/></extension><extension url="http://hl7.org/fhir/StructureDefinition/implementationguide-page"><valueUri value="CodeSystem-CSIdentidaddeGenero.html"/></extension><reference><reference value="CodeSystem/CSIdentidaddeGenero"/></reference><name value="Identidad de Genero"/><description value="Identidad de Genero"/><exampleBoolean value="false"/><groupingId value="-term-codesystem"/></resource><resource><extension url="http://hl7.org/fhir/tools/StructureDefinition/resource-sort"><valueInteger value="999999999"/></extension><extension url="http://hl7.org/fhir/StructureDefinition/implementationguide-page"><valueUri value="CodeSystem-CSRazonNOTinm.html"/></extension><reference><reference value="CodeSystem/CSRazonNOTinm"/></reference><name value="Razones no Inmunización"/><description value="Códigos de las razones por la cual el registro de inmunización no pudo realizarse según indicaciones del Ministerio de Salud"/><exampleBoolean value="false"/><groupingId value="-term-codesystem"/></resource><resource><extension url="http://hl7.org/fhir/tools/StructureDefinition/resource-sort"><valueInteger value="999999999"/></extension><extension url="http://hl7.org/fhir/StructureDefinition/implementationguide-page"><valueUri value="CodeSystem-CSSexoListadoDeis.html"/></extension><reference><reference value="CodeSystem/CSSexoListadoDeis"/></reference><name value="Sexo Listado Deis"/><description value="Sexo Listado Deis"/><exampleBoolean value="false"/><groupingId value="-term-codesystem"/></resource><resource><extension url="http://hl7.org/fhir/tools/StructureDefinition/resource-sort"><valueInteger value="999999999"/></extension><extension url="http://hl7.org/fhir/StructureDefinition/implementationguide-page"><valueUri value="CodeSystem-CSTipoIdentificador.html"/></extension><reference><reference value="CodeSystem/CSTipoIdentificador"/></reference><name value="Tipo Identificador"/><description value="Tipo Identificador"/><exampleBoolean value="false"/><groupingId value="-term-codesystem"/></resource><resource><extension url="http://hl7.org/fhir/tools/StructureDefinition/resource-sort"><valueInteger value="999999999"/></extension><extension url="http://hl7.org/fhir/StructureDefinition/implementationguide-page"><valueUri value="CodeSystem-CSTiposEncuentroCL.html"/></extension><reference><reference value="CodeSystem/CSTiposEncuentroCL"/></reference><name value="Tipos de Encuentro"/><description value="Códigos de Encuentros según MINSAL"/><exampleBoolean value="false"/><groupingId value="-term-codesystem"/></resource><resource><extension url="http://hl7.org/fhir/tools/StructureDefinition/resource-sort"><valueInteger value="999999999"/></extension><extension url="http://hl7.org/fhir/StructureDefinition/implementationguide-page"><valueUri value="CodeSystem-CSCodigoServicio.html"/></extension><reference><reference value="CodeSystem/CSCodigoServicio"/></reference><name value="Tipos de Servicios Remotos"/><description value="Códigos para los Servicios realizados en un encuentro remoto según indicaciones del Ministerio de Salud"/><exampleBoolean value="false"/><groupingId value="-term-codesystem"/></resource><resource><extension url="http://hl7.org/fhir/tools/StructureDefinition/resource-sort"><valueInteger value="999999999"/></extension><extension url="http://hl7.org/fhir/StructureDefinition/implementationguide-page"><valueUri value="Location-LocalizacionEjemploCL1.html"/></extension><reference><reference value="Location/LocalizacionEjemploCL1"/></reference><name value="Ejemplo Localización Farmacia"/><description value="Ejemplo de la localización relacionada con una Farmacia específica ubicada en la comuna de Viña del Mar"/><exampleCanonical value="https://hl7chile.cl/fhir/ig/clcore/StructureDefinition/CoreLocalizacionCl"/><groupingId value="-ex-example"/></resource><resource><extension url="http://hl7.org/fhir/tools/StructureDefinition/resource-sort"><valueInteger value="999999999"/></extension><extension url="http://hl7.org/fhir/StructureDefinition/implementationguide-page"><valueUri value="Organization-OrganizacionClEjemplo1.html"/></extension><reference><reference value="Organization/OrganizacionClEjemplo1"/></reference><name value="Ejemplo Organización Prestadora de Salud"/><description value="CESFAM Rio Bueno (Ficticio) con ID DEIS no real"/><exampleCanonical value="https://hl7chile.cl/fhir/ig/clcore/StructureDefinition/CoreOrganizacionCl"/><groupingId value="-ex-example"/></resource><resource><extension url="http://hl7.org/fhir/tools/StructureDefinition/resource-sort"><valueInteger value="999999999"/></extension><extension url="http://hl7.org/fhir/StructureDefinition/implementationguide-page"><valueUri value="Composition-DocumentoEjemplo1.html"/></extension><reference><reference value="Composition/DocumentoEjemplo1"/></reference><name value="Ejemplo de Cabecera de Documento"/><description value="Este es el ejemplo de la cabecera de un documento"/><exampleCanonical value="https://hl7chile.cl/fhir/ig/clcore/StructureDefinition/DocumentoCl"/><groupingId value="-ex-example"/></resource><resource><extension url="http://hl7.org/fhir/tools/StructureDefinition/resource-sort"><valueInteger value="999999999"/></extension><extension url="http://hl7.org/fhir/StructureDefinition/implementationguide-page"><valueUri value="PractitionerRole-EjemploEspecialidadCL2.html"/></extension><reference><reference value="PractitionerRole/EjemploEspecialidadCL2"/></reference><name value="Ejemplo de Especialidad Medicina Familiar"/><description value="Define la especialidad de medicina familiar que cumnple un profesional en un establecimiento de salud"/><exampleCanonical value="https://hl7chile.cl/fhir/ig/clcore/StructureDefinition/CoreRolClinicoCl"/><groupingId value="-ex-example"/></resource><resource><extension url="http://hl7.org/fhir/tools/StructureDefinition/resource-sort"><valueInteger value="999999999"/></extension><extension url="http://hl7.org/fhir/StructureDefinition/implementationguide-page"><valueUri value="Medication-MedicamentoCl-2.html"/></extension><reference><reference value="Medication/MedicamentoCl-2"/></reference><name value="Ejemplo de Hidroclorotiazida 25 mg + Valsartán 160 mg comprimido"/><description value="Definición de Hidroclorotiazida 25 mg + Valsartán 160 mg comprimido Código de descripción = 1703591000167111 y de Cocepto = 696681000167108 según TFC"/><exampleCanonical value="https://hl7chile.cl/fhir/ig/clcore/StructureDefinition/CoreMedicamentoCl"/><groupingId value="-ex-example"/></resource><resource><extension url="http://hl7.org/fhir/tools/StructureDefinition/resource-sort"><valueInteger value="999999999"/></extension><extension url="http://hl7.org/fhir/StructureDefinition/implementationguide-page"><valueUri value="Encounter-EjemploEncounterCL.html"/></extension><reference><reference value="Encounter/EjemploEncounterCL"/></reference><name value="Ejemplo de Recurso Encuentro"/><description value="Encuentro remoto ficticio del paciente"/><exampleCanonical value="https://hl7chile.cl/fhir/ig/clcore/StructureDefinition/EncounterCL"/><groupingId value="-ex-example"/></resource><resource><extension url="http://hl7.org/fhir/tools/StructureDefinition/resource-sort"><valueInteger value="999999999"/></extension><extension url="http://hl7.org/fhir/StructureDefinition/implementationguide-page"><valueUri value="Immunization-ImmunizationEj.html"/></extension><reference><reference value="Immunization/ImmunizationEj"/></reference><name value="Ejemplo de Recurso Immunization"/><description value="Immunization ficticio"/><exampleCanonical value="https://hl7chile.cl/fhir/ig/clcore/StructureDefinition/ImmunizationCL"/><groupingId value="-ex-example"/></resource><resource><extension url="http://hl7.org/fhir/tools/StructureDefinition/resource-sort"><valueInteger value="999999999"/></extension><extension url="http://hl7.org/fhir/StructureDefinition/implementationguide-page"><valueUri value="Patient-PacienteCL.html"/></extension><reference><reference value="Patient/PacienteCL"/></reference><name value="Ejemplo de Recurso Paciente Nacional"/><description value="Paciente ficticio nacional CI Chilena, sin sistema de validación &quot;http://regcivil.cl/Validacion/RUN&quot; ficticio , cuyo nombre se decribe mediante el oficial y uno social. La dirección tampoco es Real"/><exampleCanonical value="https://hl7chile.cl/fhir/ig/clcore/StructureDefinition/CorePacienteCl"/><groupingId value="-ex-example"/></resource><resource><extension url="http://hl7.org/fhir/tools/StructureDefinition/resource-sort"><valueInteger value="999999999"/></extension><extension url="http://hl7.org/fhir/StructureDefinition/implementationguide-page"><valueUri value="Practitioner-EjemploPrestadorCL2.html"/></extension><reference><reference value="Practitioner/EjemploPrestadorCL2"/></reference><name value="Ejemplo de Recurso Prestador 2 como base para un Core Nacional"/><description value="Ejemplo de un Prestador no Real con identificadores en Systemas con APIs &quot;no disponibles&quot;"/><exampleCanonical value="https://hl7chile.cl/fhir/ig/clcore/StructureDefinition/CorePrestadorCl"/><groupingId value="-ex-example"/></resource><resource><extension url="http://hl7.org/fhir/tools/StructureDefinition/resource-sort"><valueInteger value="999999999"/></extension><extension url="http://hl7.org/fhir/StructureDefinition/implementationguide-page"><valueUri value="Practitioner-EjemploPrestadorCL.html"/></extension><reference><reference value="Practitioner/EjemploPrestadorCL"/></reference><name value="Ejemplo de Recurso Prestador como base para un Core Nacional"/><description value="Ejemplo de un Prestador no Real con identificadores en Systemas con API&quot;s no disponibles"/><exampleCanonical value="https://hl7chile.cl/fhir/ig/clcore/StructureDefinition/CorePrestadorCl"/><groupingId value="-ex-example"/></resource><resource><extension url="http://hl7.org/fhir/tools/StructureDefinition/resource-sort"><valueInteger value="999999999"/></extension><extension url="http://hl7.org/fhir/StructureDefinition/implementationguide-page"><valueUri value="PractitionerRole-EjemploEspecialidadCL.html"/></extension><reference><reference value="PractitionerRole/EjemploEspecialidadCL"/></reference><name value="Ejemplo de Recurso de especialidad"/><description value="Define la especialidad que cumnple en un establecimiento de salud"/><exampleCanonical value="https://hl7chile.cl/fhir/ig/clcore/StructureDefinition/CoreRolClinicoCl"/><groupingId value="-ex-example"/></resource><resource><extension url="http://hl7.org/fhir/tools/StructureDefinition/resource-sort"><valueInteger value="999999999"/></extension><extension url="http://hl7.org/fhir/StructureDefinition/implementationguide-page"><valueUri value="Condition-DiagnosticoEj2.html"/></extension><reference><reference value="Condition/DiagnosticoEj2"/></reference><name value="Ejemplo de Un Diagnóstico de Faringoamigdalitis"/><description value="Diagnóstico Confirmado de Faringoamigdalitis"/><exampleCanonical value="https://hl7chile.cl/fhir/ig/clcore/StructureDefinition/CoreDiagnosticoCl"/><groupingId value="-ex-example"/></resource><resource><extension url="http://hl7.org/fhir/tools/StructureDefinition/resource-sort"><valueInteger value="999999999"/></extension><extension url="http://hl7.org/fhir/StructureDefinition/implementationguide-page"><valueUri value="Condition-DiagnosticoEj.html"/></extension><reference><reference value="Condition/DiagnosticoEj"/></reference><name value="Ejemplo de Un Diagnóstico de hipertensión"/><description value="Diagnóstico Confirmado de Hipertesión"/><exampleCanonical value="https://hl7chile.cl/fhir/ig/clcore/StructureDefinition/CoreDiagnosticoCl"/><groupingId value="-ex-example"/></resource><resource><extension url="http://hl7.org/fhir/tools/StructureDefinition/resource-sort"><valueInteger value="999999999"/></extension><extension url="http://hl7.org/fhir/StructureDefinition/implementationguide-page"><valueUri value="Medication-MedicamentoCl.html"/></extension><reference><reference value="Medication/MedicamentoCl"/></reference><name value="Ejemplo de comprimido Tareg - D 160"/><description value="Medicamento comprimido Tareg -D160 referemciado como medicamento en la TFC, considerando el de 25 comprimidos"/><exampleCanonical value="https://hl7chile.cl/fhir/ig/clcore/StructureDefinition/CoreMedicamentoCl"/><groupingId value="-ex-example"/></resource><resource><extension url="http://hl7.org/fhir/tools/StructureDefinition/resource-sort"><valueInteger value="999999999"/></extension><extension url="http://hl7.org/fhir/StructureDefinition/implementationguide-page"><valueUri value="Provenance-EjemplValidacionProvCl.html"/></extension><reference><reference value="Provenance/EjemplValidacionProvCl"/></reference><name value="Ejemplo de la Validación de un documento por medio del Autor"/><description value="Ejemplo de un documento, en la cual el prestador que la ha desarollado genera una validación por medio de una firma"/><exampleCanonical value="https://hl7chile.cl/fhir/ig/clcore/StructureDefinition/ProvenanceCl"/><groupingId value="-ex-example"/></resource><resource><extension url="http://hl7.org/fhir/tools/StructureDefinition/resource-sort"><valueInteger value="999999999"/></extension><extension url="http://hl7.org/fhir/StructureDefinition/implementationguide-page"><valueUri value="AuditEvent-AuditEventEx.html"/></extension><reference><reference value="AuditEvent/AuditEventEx"/></reference><name value="Ejemplo de un Audit-Event Search."/><description value="Log de Audición de una operacion Search."/><exampleCanonical value="https://hl7chile.cl/fhir/ig/clcore/StructureDefinition/AuditEventCl"/><groupingId value="-ex-example"/></resource><page><extension url="http://hl7.org/fhir/tools/StructureDefinition/ig-page-name"><valueUrl value="toc.html"/></extension><nameUrl value="toc.html"/><title value="Table of Contents"/><generation value="html"/><page><extension url="http://hl7.org/fhir/tools/StructureDefinition/ig-page-name"><valueUrl value="index.html"/></extension><nameUrl value="index.html"/><title value="Inicio"/><generation value="markdown"/></page><page><extension url="http://hl7.org/fhir/tools/StructureDefinition/ig-page-name"><valueUrl value="Alcances-Objetivos.html"/></extension><nameUrl value="Alcances-Objetivos.html"/><title value="Objetivos"/><generation value="markdown"/></page><page><extension url="http://hl7.org/fhir/tools/StructureDefinition/ig-page-name"><valueUrl value="Aspectos-Generales.html"/></extension><nameUrl value="Aspectos-Generales.html"/><title value="Generalidades"/><generation value="markdown"/></page><page><extension url="http://hl7.org/fhir/tools/StructureDefinition/ig-page-name"><valueUrl value="Extensiones.html"/></extension><nameUrl value="Extensiones.html"/><title value="Extensiones"/><generation value="markdown"/></page><page><extension url="http://hl7.org/fhir/tools/StructureDefinition/ig-page-name"><valueUrl value="Set-De-Validacion-ValueSets.html"/></extension><nameUrl value="Set-De-Validacion-ValueSets.html"/><title value="CodeSystems/ValueSets"/><generation value="markdown"/></page><page><extension url="http://hl7.org/fhir/tools/StructureDefinition/ig-page-name"><valueUrl value="Perfiles.html"/></extension><nameUrl value="Perfiles.html"/><title value="Perfiles"/><generation value="markdown"/></page><page><extension url="http://hl7.org/fhir/tools/StructureDefinition/ig-page-name"><valueUrl value="Set-Ejemplos.html"/></extension><nameUrl value="Set-Ejemplos.html"/><title value="Ejemplos"/><generation value="markdown"/></page><page><extension url="http://hl7.org/fhir/tools/StructureDefinition/ig-page-name"><valueUrl value="changes.html"/></extension><nameUrl value="changes.html"/><title value="Historial de Cambios"/><generation value="markdown"/></page><page><extension url="http://hl7.org/fhir/tools/StructureDefinition/ig-page-name"><valueUrl value="artifacts.html"/></extension><nameUrl value="artifacts.html"/><title value="Artifacts Summary"/><generation value="html"/><page><extension url="http://hl7.org/fhir/tools/StructureDefinition/ig-page-name"><valueUrl value="StructureDefinition-AuditEventCl.html"/></extension><nameUrl value="StructureDefinition-AuditEventCl.html"/><title value="CL Auditoria"/><generation value="generated"/></page><page><extension url="http://hl7.org/fhir/tools/StructureDefinition/ig-page-name"><valueUrl value="StructureDefinition-CoreDiagnosticoCl.html"/></extension><nameUrl value="StructureDefinition-CoreDiagnosticoCl.html"/><title value="CL Condición-Diagnóstico"/><generation value="generated"/></page><page><extension url="http://hl7.org/fhir/tools/StructureDefinition/ig-page-name"><valueUrl value="StructureDefinition-DocumentoCl.html"/></extension><nameUrl value="StructureDefinition-DocumentoCl.html"/><title value="CL Documento"/><generation value="generated"/></page><page><extension url="http://hl7.org/fhir/tools/StructureDefinition/ig-page-name"><valueUrl value="StructureDefinition-ImmunizationCL.html"/></extension><nameUrl value="StructureDefinition-ImmunizationCL.html"/><title value="CL Inmunización"/><generation value="generated"/></page><page><extension url="http://hl7.org/fhir/tools/StructureDefinition/ig-page-name"><valueUrl value="StructureDefinition-CoreLocalizacionCl.html"/></extension><nameUrl value="StructureDefinition-CoreLocalizacionCl.html"/><title value="CL Localización"/><generation value="generated"/></page><page><extension url="http://hl7.org/fhir/tools/StructureDefinition/ig-page-name"><valueUrl value="StructureDefinition-CoreMedicamentoCl.html"/></extension><nameUrl value="StructureDefinition-CoreMedicamentoCl.html"/><title value="CL Medicamento"/><generation value="generated"/></page><page><extension url="http://hl7.org/fhir/tools/StructureDefinition/ig-page-name"><valueUrl value="StructureDefinition-CoreOrganizacionCl.html"/></extension><nameUrl value="StructureDefinition-CoreOrganizacionCl.html"/><title value="CL Organización"/><generation value="generated"/></page><page><extension url="http://hl7.org/fhir/tools/StructureDefinition/ig-page-name"><valueUrl value="StructureDefinition-CorePacienteCl.html"/></extension><nameUrl value="StructureDefinition-CorePacienteCl.html"/><title value="CL Paciente"/><generation value="generated"/></page><page><extension url="http://hl7.org/fhir/tools/StructureDefinition/ig-page-name"><valueUrl value="StructureDefinition-CorePrestadorCl.html"/></extension><nameUrl value="StructureDefinition-CorePrestadorCl.html"/><title value="CL Prestador"/><generation value="generated"/></page><page><extension url="http://hl7.org/fhir/tools/StructureDefinition/ig-page-name"><valueUrl value="StructureDefinition-ProvenanceCl.html"/></extension><nameUrl value="StructureDefinition-ProvenanceCl.html"/><title value="CL Provenance"/><generation value="generated"/></page><page><extension url="http://hl7.org/fhir/tools/StructureDefinition/ig-page-name"><valueUrl value="StructureDefinition-CoreRolClinicoCl.html"/></extension><nameUrl value="StructureDefinition-CoreRolClinicoCl.html"/><title value="CL RolClinico"/><generation value="generated"/></page><page><extension url="http://hl7.org/fhir/tools/StructureDefinition/ig-page-name"><valueUrl value="StructureDefinition-EncounterCL.html"/></extension><nameUrl value="StructureDefinition-EncounterCL.html"/><title value="Encuentro Clínico"/><generation value="generated"/></page><page><extension url="http://hl7.org/fhir/tools/StructureDefinition/ig-page-name"><valueUrl value="StructureDefinition-cl-address.html"/></extension><nameUrl value="StructureDefinition-cl-address.html"/><title value="CL Address"/><generation value="generated"/></page><page><extension url="http://hl7.org/fhir/tools/StructureDefinition/ig-page-name"><valueUrl value="StructureDefinition-CodigoPaises.html"/></extension><nameUrl value="StructureDefinition-CodigoPaises.html"/><title value="Codigo de Paises"/><generation value="generated"/></page><page><extension url="http://hl7.org/fhir/tools/StructureDefinition/ig-page-name"><valueUrl value="StructureDefinition-ComunasCl.html"/></extension><nameUrl value="StructureDefinition-ComunasCl.html"/><title value="Códigos para Comunas en Chile"/><generation value="generated"/></page><page><extension url="http://hl7.org/fhir/tools/StructureDefinition/ig-page-name"><valueUrl value="StructureDefinition-ProvinciasCl.html"/></extension><nameUrl value="StructureDefinition-ProvinciasCl.html"/><title value="Códigos para Provincias en Chile"/><generation value="generated"/></page><page><extension url="http://hl7.org/fhir/tools/StructureDefinition/ig-page-name"><valueUrl value="StructureDefinition-RegionesCl.html"/></extension><nameUrl value="StructureDefinition-RegionesCl.html"/><title value="Códigos para Regiones en Chile"/><generation value="generated"/></page><page><extension url="http://hl7.org/fhir/tools/StructureDefinition/ig-page-name"><valueUrl value="StructureDefinition-IdentidadDeGenero.html"/></extension><nameUrl value="StructureDefinition-IdentidadDeGenero.html"/><title value="Identidad De Genero"/><generation value="generated"/></page><page><extension url="http://hl7.org/fhir/tools/StructureDefinition/ig-page-name"><valueUrl value="StructureDefinition-IdContacto.html"/></extension><nameUrl value="StructureDefinition-IdContacto.html"/><title value="Identificación del Contacto de un Paciente"/><generation value="generated"/></page><page><extension url="http://hl7.org/fhir/tools/StructureDefinition/ig-page-name"><valueUrl value="StructureDefinition-SegundoApellido.html"/></extension><nameUrl value="StructureDefinition-SegundoApellido.html"/><title value="Segundo Apellido"/><generation value="generated"/></page><page><extension url="http://hl7.org/fhir/tools/StructureDefinition/ig-page-name"><valueUrl value="StructureDefinition-SexoBiologico.html"/></extension><nameUrl value="StructureDefinition-SexoBiologico.html"/><title value="Sexo Biologico del paciente"/><generation value="generated"/></page><page><extension url="http://hl7.org/fhir/tools/StructureDefinition/ig-page-name"><valueUrl value="ValueSet-VSNombreCampana.html"/></extension><nameUrl value="ValueSet-VSNombreCampana.html"/><title value="Campañas de Vacunación"/><generation value="generated"/></page><page><extension url="http://hl7.org/fhir/tools/StructureDefinition/ig-page-name"><valueUrl value="ValueSet-VSCodigoslenguaje.html"/></extension><nameUrl value="ValueSet-VSCodigoslenguaje.html"/><title value="Codigos Lenguaje"/><generation value="generated"/></page><page><extension url="http://hl7.org/fhir/tools/StructureDefinition/ig-page-name"><valueUrl value="ValueSet-VSCodigosComunaCL.html"/></extension><nameUrl value="ValueSet-VSCodigosComunaCL.html"/><title value="Códigos de Comunas en Chile"/><generation value="generated"/></page><page><extension url="http://hl7.org/fhir/tools/StructureDefinition/ig-page-name"><valueUrl value="ValueSet-VSEspecialidadesDeisCL.html"/></extension><nameUrl value="ValueSet-VSEspecialidadesDeisCL.html"/><title value="Códigos de Especialidades"/><generation value="generated"/></page><page><extension url="http://hl7.org/fhir/tools/StructureDefinition/ig-page-name"><valueUrl value="ValueSet-VSCodMadurez.html"/></extension><nameUrl value="ValueSet-VSCodMadurez.html"/><title value="Códigos de grado de madurez del artefacto"/><generation value="generated"/></page><page><extension url="http://hl7.org/fhir/tools/StructureDefinition/ig-page-name"><valueUrl value="ValueSet-CodPais.html"/></extension><nameUrl value="ValueSet-CodPais.html"/><title value="Códigos de Países"/><generation value="generated"/></page><page><extension url="http://hl7.org/fhir/tools/StructureDefinition/ig-page-name"><valueUrl value="ValueSet-VSCodigosProvinciasCL.html"/></extension><nameUrl value="ValueSet-VSCodigosProvinciasCL.html"/><title value="Códigos de Provincias en Chile"/><generation value="generated"/></page><page><extension url="http://hl7.org/fhir/tools/StructureDefinition/ig-page-name"><valueUrl value="ValueSet-VSCodigosRegionesCL.html"/></extension><nameUrl value="ValueSet-VSCodigosRegionesCL.html"/><title value="Códigos de Regiones en Chile"/><generation value="generated"/></page><page><extension url="http://hl7.org/fhir/tools/StructureDefinition/ig-page-name"><valueUrl value="ValueSet-VSDiagnosticosSCT.html"/></extension><nameUrl value="ValueSet-VSDiagnosticosSCT.html"/><title value="Diagnósticos SNOMED y Ausente o Desconocido"/><generation value="generated"/></page><page><extension url="http://hl7.org/fhir/tools/StructureDefinition/ig-page-name"><valueUrl value="ValueSet-VSIdentidaddeGenero.html"/></extension><nameUrl value="ValueSet-VSIdentidaddeGenero.html"/><title value="Identidad de Genero"/><generation value="generated"/></page><page><extension url="http://hl7.org/fhir/tools/StructureDefinition/ig-page-name"><valueUrl value="ValueSet-VSRazonNOTinm.html"/></extension><nameUrl value="ValueSet-VSRazonNOTinm.html"/><title value="Razones no Inmunización"/><generation value="generated"/></page><page><extension url="http://hl7.org/fhir/tools/StructureDefinition/ig-page-name"><valueUrl value="ValueSet-VSSexoListadoDeis.html"/></extension><nameUrl value="ValueSet-VSSexoListadoDeis.html"/><title value="Sexo Listado Deis"/><generation value="generated"/></page><page><extension url="http://hl7.org/fhir/tools/StructureDefinition/ig-page-name"><valueUrl value="ValueSet-VSTipoIdentificador.html"/></extension><nameUrl value="ValueSet-VSTipoIdentificador.html"/><title value="Tipo Identificador"/><generation value="generated"/></page><page><extension url="http://hl7.org/fhir/tools/StructureDefinition/ig-page-name"><valueUrl value="ValueSet-VSTiposDocumentos.html"/></extension><nameUrl value="ValueSet-VSTiposDocumentos.html"/><title value="Tipos de Documentos"/><generation value="generated"/></page><page><extension url="http://hl7.org/fhir/tools/StructureDefinition/ig-page-name"><valueUrl value="ValueSet-VSTiposDocClinico.html"/></extension><nameUrl value="ValueSet-VSTiposDocClinico.html"/><title value="Tipos de Documentos Clínicos"/><generation value="generated"/></page><page><extension url="http://hl7.org/fhir/tools/StructureDefinition/ig-page-name"><valueUrl value="ValueSet-VSTiposEncuentroCL.html"/></extension><nameUrl value="ValueSet-VSTiposEncuentroCL.html"/><title value="Tipos de Encuentro"/><generation value="generated"/></page><page><extension url="http://hl7.org/fhir/tools/StructureDefinition/ig-page-name"><valueUrl value="ValueSet-VSTiposServicio.html"/></extension><nameUrl value="ValueSet-VSTiposServicio.html"/><title value="Tipos de Servicios Remotos"/><generation value="generated"/></page><page><extension url="http://hl7.org/fhir/tools/StructureDefinition/ig-page-name"><valueUrl value="ValueSet-VSTiposVacunas.html"/></extension><nameUrl value="ValueSet-VSTiposVacunas.html"/><title value="Tipos de Vacunas RNI"/><generation value="generated"/></page><page><extension url="http://hl7.org/fhir/tools/StructureDefinition/ig-page-name"><valueUrl value="CodeSystem-CSNombreCampana.html"/></extension><nameUrl value="CodeSystem-CSNombreCampana.html"/><title value="Campañas Inmunización"/><generation value="generated"/></page><page><extension url="http://hl7.org/fhir/tools/StructureDefinition/ig-page-name"><valueUrl value="CodeSystem-CSCodigoslenguaje.html"/></extension><nameUrl value="CodeSystem-CSCodigoslenguaje.html"/><title value="Codigos Lenguaje"/><generation value="generated"/></page><page><extension url="http://hl7.org/fhir/tools/StructureDefinition/ig-page-name"><valueUrl value="CodeSystem-CSCodComunasCL.html"/></extension><nameUrl value="CodeSystem-CSCodComunasCL.html"/><title value="Códigos de Comunas en Chile"/><generation value="generated"/></page><page><extension url="http://hl7.org/fhir/tools/StructureDefinition/ig-page-name"><valueUrl value="CodeSystem-CSCodigoDNI.html"/></extension><nameUrl value="CodeSystem-CSCodigoDNI.html"/><title value="Códigos de Documentos DNI para LATAM y el Caribe"/><generation value="generated"/></page><page><extension url="http://hl7.org/fhir/tools/StructureDefinition/ig-page-name"><valueUrl value="CodeSystem-CSEspecialidadesDeisCL.html"/></extension><nameUrl value="CodeSystem-CSEspecialidadesDeisCL.html"/><title value="Códigos de Especialidades"/><generation value="generated"/></page><page><extension url="http://hl7.org/fhir/tools/StructureDefinition/ig-page-name"><valueUrl value="CodeSystem-CSCodMadurez.html"/></extension><nameUrl value="CodeSystem-CSCodMadurez.html"/><title value="Códigos de grado de madurez del artefacto"/><generation value="generated"/></page><page><extension url="http://hl7.org/fhir/tools/StructureDefinition/ig-page-name"><valueUrl value="CodeSystem-CodPais.html"/></extension><nameUrl value="CodeSystem-CodPais.html"/><title value="Códigos de Países"/><generation value="generated"/></page><page><extension url="http://hl7.org/fhir/tools/StructureDefinition/ig-page-name"><valueUrl value="CodeSystem-CSCodProvinciasCL.html"/></extension><nameUrl value="CodeSystem-CSCodProvinciasCL.html"/><title value="Códigos de Provincias en Chile"/><generation value="generated"/></page><page><extension url="http://hl7.org/fhir/tools/StructureDefinition/ig-page-name"><valueUrl value="CodeSystem-CSCodRegionCL.html"/></extension><nameUrl value="CodeSystem-CSCodRegionCL.html"/><title value="Códigos de Regiones en Chile"/><generation value="generated"/></page><page><extension url="http://hl7.org/fhir/tools/StructureDefinition/ig-page-name"><valueUrl value="CodeSystem-CSCodigoVacunas.html"/></extension><nameUrl value="CodeSystem-CSCodigoVacunas.html"/><title value="Códigos de Vacunas RNI"/><generation value="generated"/></page><page><extension url="http://hl7.org/fhir/tools/StructureDefinition/ig-page-name"><valueUrl value="CodeSystem-CSIdentidaddeGenero.html"/></extension><nameUrl value="CodeSystem-CSIdentidaddeGenero.html"/><title value="Identidad de Genero"/><generation value="generated"/></page><page><extension url="http://hl7.org/fhir/tools/StructureDefinition/ig-page-name"><valueUrl value="CodeSystem-CSRazonNOTinm.html"/></extension><nameUrl value="CodeSystem-CSRazonNOTinm.html"/><title value="Razones no Inmunización"/><generation value="generated"/></page><page><extension url="http://hl7.org/fhir/tools/StructureDefinition/ig-page-name"><valueUrl value="CodeSystem-CSSexoListadoDeis.html"/></extension><nameUrl value="CodeSystem-CSSexoListadoDeis.html"/><title value="Sexo Listado Deis"/><generation value="generated"/></page><page><extension url="http://hl7.org/fhir/tools/StructureDefinition/ig-page-name"><valueUrl value="CodeSystem-CSTipoIdentificador.html"/></extension><nameUrl value="CodeSystem-CSTipoIdentificador.html"/><title value="Tipo Identificador"/><generation value="generated"/></page><page><extension url="http://hl7.org/fhir/tools/StructureDefinition/ig-page-name"><valueUrl value="CodeSystem-CSTiposEncuentroCL.html"/></extension><nameUrl value="CodeSystem-CSTiposEncuentroCL.html"/><title value="Tipos de Encuentro"/><generation value="generated"/></page><page><extension url="http://hl7.org/fhir/tools/StructureDefinition/ig-page-name"><valueUrl value="CodeSystem-CSCodigoServicio.html"/></extension><nameUrl value="CodeSystem-CSCodigoServicio.html"/><title value="Tipos de Servicios Remotos"/><generation value="generated"/></page><page><extension url="http://hl7.org/fhir/tools/StructureDefinition/ig-page-name"><valueUrl value="Composition-DocumentoEjemplo1.html"/></extension><nameUrl value="Composition-DocumentoEjemplo1.html"/><title value="Ejemplo de Cabecera de Documento"/><generation value="generated"/></page><page><extension url="http://hl7.org/fhir/tools/StructureDefinition/ig-page-name"><valueUrl value="Medication-MedicamentoCl.html"/></extension><nameUrl value="Medication-MedicamentoCl.html"/><title value="Ejemplo de comprimido Tareg - D 160"/><generation value="generated"/></page><page><extension url="http://hl7.org/fhir/tools/StructureDefinition/ig-page-name"><valueUrl value="PractitionerRole-EjemploEspecialidadCL2.html"/></extension><nameUrl value="PractitionerRole-EjemploEspecialidadCL2.html"/><title value="Ejemplo de Especialidad Medicina Familiar"/><generation value="generated"/></page><page><extension url="http://hl7.org/fhir/tools/StructureDefinition/ig-page-name"><valueUrl value="Medication-MedicamentoCl-2.html"/></extension><nameUrl value="Medication-MedicamentoCl-2.html"/><title value="Ejemplo de Hidroclorotiazida 25 mg + Valsartán 160 mg comprimido"/><generation value="generated"/></page><page><extension url="http://hl7.org/fhir/tools/StructureDefinition/ig-page-name"><valueUrl value="Provenance-EjemplValidacionProvCl.html"/></extension><nameUrl value="Provenance-EjemplValidacionProvCl.html"/><title value="Ejemplo de la Validación de un documento por medio del Autor"/><generation value="generated"/></page><page><extension url="http://hl7.org/fhir/tools/StructureDefinition/ig-page-name"><valueUrl value="PractitionerRole-EjemploEspecialidadCL.html"/></extension><nameUrl value="PractitionerRole-EjemploEspecialidadCL.html"/><title value="Ejemplo de Recurso de especialidad"/><generation value="generated"/></page><page><extension url="http://hl7.org/fhir/tools/StructureDefinition/ig-page-name"><valueUrl value="Encounter-EjemploEncounterCL.html"/></extension><nameUrl value="Encounter-EjemploEncounterCL.html"/><title value="Ejemplo de Recurso Encuentro"/><generation value="generated"/></page><page><extension url="http://hl7.org/fhir/tools/StructureDefinition/ig-page-name"><valueUrl value="Immunization-ImmunizationEj.html"/></extension><nameUrl value="Immunization-ImmunizationEj.html"/><title value="Ejemplo de Recurso Immunization"/><generation value="generated"/></page><page><extension url="http://hl7.org/fhir/tools/StructureDefinition/ig-page-name"><valueUrl value="Patient-PacienteCL.html"/></extension><nameUrl value="Patient-PacienteCL.html"/><title value="Ejemplo de Recurso Paciente Nacional"/><generation value="generated"/></page><page><extension url="http://hl7.org/fhir/tools/StructureDefinition/ig-page-name"><valueUrl value="Practitioner-EjemploPrestadorCL2.html"/></extension><nameUrl value="Practitioner-EjemploPrestadorCL2.html"/><title value="Ejemplo de Recurso Prestador 2 como base para un Core Nacional"/><generation value="generated"/></page><page><extension url="http://hl7.org/fhir/tools/StructureDefinition/ig-page-name"><valueUrl value="Practitioner-EjemploPrestadorCL.html"/></extension><nameUrl value="Practitioner-EjemploPrestadorCL.html"/><title value="Ejemplo de Recurso Prestador como base para un Core Nacional"/><generation value="generated"/></page><page><extension url="http://hl7.org/fhir/tools/StructureDefinition/ig-page-name"><valueUrl value="AuditEvent-AuditEventEx.html"/></extension><nameUrl value="AuditEvent-AuditEventEx.html"/><title value="Ejemplo de un Audit-Event Search."/><generation value="generated"/></page><page><extension url="http://hl7.org/fhir/tools/StructureDefinition/ig-page-name"><valueUrl value="Condition-DiagnosticoEj2.html"/></extension><nameUrl value="Condition-DiagnosticoEj2.html"/><title value="Ejemplo de Un Diagnóstico de Faringoamigdalitis"/><generation value="generated"/></page><page><extension url="http://hl7.org/fhir/tools/StructureDefinition/ig-page-name"><valueUrl value="Condition-DiagnosticoEj.html"/></extension><nameUrl value="Condition-DiagnosticoEj.html"/><title value="Ejemplo de Un Diagnóstico de hipertensión"/><generation value="generated"/></page><page><extension url="http://hl7.org/fhir/tools/StructureDefinition/ig-page-name"><valueUrl value="Location-LocalizacionEjemploCL1.html"/></extension><nameUrl value="Location-LocalizacionEjemploCL1.html"/><title value="Ejemplo Localización Farmacia"/><generation value="generated"/></page><page><extension url="http://hl7.org/fhir/tools/StructureDefinition/ig-page-name"><valueUrl value="Organization-OrganizacionClEjemplo1.html"/></extension><nameUrl value="Organization-OrganizacionClEjemplo1.html"/><title value="Ejemplo Organización Prestadora de Salud"/><generation value="generated"/></page></page></page><parameter><code value="path-resource"/><value value="input/capabilities"/></parameter><parameter><code value="path-resource"/><value value="input/examples"/></parameter><parameter><code value="path-resource"/><value value="input/extensions"/></parameter><parameter><code value="path-resource"/><value value="input/models"/></parameter><parameter><code value="path-resource"/><value value="input/operations"/></parameter><parameter><code value="path-resource"/><value value="input/profiles"/></parameter><parameter><code value="path-resource"/><value value="input/resources"/></parameter><parameter><code value="path-resource"/><value value="input/vocabulary"/></parameter><parameter><code value="path-resource"/><value value="input/maps"/></parameter><parameter><code value="path-resource"/><value value="input/testing"/></parameter><parameter><code value="path-resource"/><value value="input/history"/></parameter><parameter><code value="path-resource"/><value value="fsh-generated/resources"/></parameter><parameter><code value="path-pages"/><value value="template/config"/></parameter><parameter><code value="path-pages"/><value value="input/images"/></parameter><parameter><code value="path-tx-cache"/><value value="input-cache/txcache"/></parameter></definition></ImplementationGuide>