<?xml version="1.0" encoding="UTF-8"?><ValueSet xmlns="http://hl7.org/fhir"><id value="VSIdentidaddeGenero"/><text><status value="generated"/><div xmlns="http://www.w3.org/1999/xhtml"><ul><li>Include all codes defined in <a href="CodeSystem-CSIdentidaddeGenero.html"><code>https://hl7chile.cl/fhir/ig/clcore/CodeSystem/CSIdentidaddeGenero</code></a></li></ul></div></text><url value="https://hl7chile.cl/fhir/ig/clcore/ValueSet/VSIdentidaddeGenero"/><version value="1.8.11"/><name value="VSIdentidaddeGenero"/><title value="Identidad de Genero"/><status value="active"/><experimental value="false"/><date value="2023-01-15"/><publisher value="HL7 Chile"/><contact><name value="HL7 Chile"/><telecom><system value="url"/><value value="http://hl7chile.cl"/></telecom><telecom><system value="email"/><value value="chair@hl7chile.cl"/></telecom></contact><description value="Identidad de Genero"/><jurisdiction><coding><system value="urn:iso:std:iso:3166"/><code value="CL"/><display value="Chile"/></coding></jurisdiction><copyright value="Usado con el permiso de HL7 International, todos los derechos resevados en los Licencias de HL7 Internacional."/><compose><include><system value="https://hl7chile.cl/fhir/ig/clcore/CodeSystem/CSIdentidaddeGenero"/></include></compose></ValueSet>