<?xml version="1.0" encoding="UTF-8"?>

<CodeSystem xmlns="http://hl7.org/fhir">
  <id value="CSTiposEncuentroCL"/>
  <text>
    <status value="generated"/><div xmlns="http://www.w3.org/1999/xhtml"><p>This case-sensitive code system <code>https://hl7chile.cl/fhir/ig/clcore/CodeSystem/CSTiposEncuentroCL</code> defines the following codes:</p><table class="codes"><tr><td style="white-space:nowrap"><b>Code</b></td><td><b>Display</b></td></tr><tr><td style="white-space:nowrap">PR<a name="CSTiposEncuentroCL-PR"> </a></td><td>Programada</td></tr><tr><td style="white-space:nowrap">SP<a name="CSTiposEncuentroCL-SP"> </a></td><td>Espontánea</td></tr><tr><td style="white-space:nowrap">CO<a name="CSTiposEncuentroCL-CO"> </a></td><td>Comité</td></tr></table></div>
  </text>
  <url value="https://hl7chile.cl/fhir/ig/clcore/CodeSystem/CSTiposEncuentroCL"/>
  <version value="1.8.6"/>
  <name value="CSTiposEncuentroCL"/>
  <title value="Tipos de Encuentro"/>
  <status value="active"/>
  <experimental value="false"/>
  <date value="2022-05-21T00:00:00-03:00"/>
  <publisher value="HL7 Chile"/>
  <contact>
    <name value="HL7 Chile"/>
    <telecom>
      <system value="url"/>
      <value value="http://hl7chile.cl"/>
    </telecom>
    <telecom>
      <system value="email"/>
      <value value="chair@hl7chile.cl"/>
    </telecom>
  </contact>
  <description value="Códigos de Encuentros según MINSAL"/>
  <jurisdiction>
    <coding>
      <system value="urn:iso:std:iso:3166"/>
      <code value="CL"/>
      <display value="Chile"/>
    </coding>
  </jurisdiction>
  <copyright value="Usado con el permiso de HL7 International, todos los derechos resevados en los Licencias de HL7 Internacional."/>
  <caseSensitive value="true"/>
  <content value="complete"/>
  <count value="3"/>
  <concept>
    <code value="PR"/>
    <display value="Programada"/>
  </concept>
  <concept>
    <code value="SP"/>
    <display value="Espontánea"/>
  </concept>
  <concept>
    <code value="CO"/>
    <display value="Comité"/>
  </concept>
</CodeSystem>