<?xml version="1.0" encoding="UTF-8"?>

<Medication xmlns="http://hl7.org/fhir">
  <id value="MedicamentoCl"/>
  <meta>
    <profile value="https://hl7chile.cl/fhir/ig/clcore/StructureDefinition/CoreMedicamentoCl"/>
  </meta>
  <text>
    <status value="generated"/><div xmlns="http://www.w3.org/1999/xhtml"><p><b>Generated Narrative: Medication</b><a name="MedicamentoCl"> </a><a name="hcMedicamentoCl"> </a></p><div style="display: inline-block; background-color: #d9e0e7; padding: 6px; margin: 4px; border: 1px solid #8da1b4; border-radius: 5px; line-height: 60%"><p style="margin-bottom: 0px">Resource Medication &quot;MedicamentoCl&quot; </p><p style="margin-bottom: 0px">Profile: <a href="StructureDefinition-CoreMedicamentoCl.html">CL Medicamento</a></p></div><p><b>identifier</b>: <code>http://minsal.cl/semantikos/description-id</code>/1991971000167110 (use: official), <code>http://minsal.cl/semantikos/concept-id</code>/840851000167103 (use: official)</p><p><b>code</b>: Tareg - D 160 / 25 comprimido recubierto (Novartis) <span style="background: LightGoldenRodYellow; margin: 4px; border: 1px solid khaki"> (description-id#1991971000167110)</span></p></div>
  </text>
  <identifier>
    <use value="official"/>
    <system value="http://minsal.cl/semantikos/description-id"/>
    <value value="1991971000167110"/>
  </identifier>
  <identifier>
    <use value="official"/>
    <system value="http://minsal.cl/semantikos/concept-id"/>
    <value value="840851000167103"/>
  </identifier>
  <code>
    <coding>
      <system value="http://minsal.cl/semantikos/description-id"/>
      <code value="1991971000167110"/>
      <display value="Tareg - D 160 / 25 comprimido recubierto (Novartis)"/>
    </coding>
    <text value="Tareg - D 160 / 25 comprimido recubierto (Novartis)"/>
  </code>
</Medication>