<?xml version="1.0" encoding="UTF-8"?>

<Organization xmlns="http://hl7.org/fhir">
  <id value="ORG1"/>
  <meta>
    <profile value="https://hl7chile.cl/fhir/ig/clcore/StructureDefinition/CoreOrganizacionCl"/>
  </meta>
  <text>
    <status value="generated"/><div xmlns="http://www.w3.org/1999/xhtml"><p><b>Generated Narrative: Organization</b><a name="ORG1"> </a><a name="hcORG1"> </a></p><div style="display: inline-block; background-color: #d9e0e7; padding: 6px; margin: 4px; border: 1px solid #8da1b4; border-radius: 5px; line-height: 60%"><p style="margin-bottom: 0px">Resource Organization &quot;ORG1&quot; </p><p style="margin-bottom: 0px">Profile: <a href="StructureDefinition-CoreOrganizacionCl.html">CL Organización</a></p></div><p><b>identifier</b>: <code>http://minsal.cl/deis/codigodeis</code>/1233</p><p><b>active</b>: true</p><p><b>name</b>: Centro de Salud Familiar Rio Bueno de Linares</p><p><b>alias</b>: Rio Bueno CESFAM</p><p><b>telecom</b>: ph: 45325775(WORK)</p><p><b>address</b>: Linares Del Maule Chile </p></div>
  </text>
  <identifier>
    <system value="http://minsal.cl/deis/codigodeis"/>
    <value value="1233"/>
  </identifier>
  <active value="true"/>
  <name value="Centro de Salud Familiar Rio Bueno de Linares"/>
  <alias value="Rio Bueno CESFAM"/>
  <telecom>
    <system value="phone"/>
    <value value="45325775"/>
    <use value="work"/>
  </telecom>
  <address>
    <city value="Linares">
      <extension url="https://hl7chile.cl/fhir/ig/clcore/StructureDefinition/ComunasCl">
        <valueCodeableConcept>
          <coding>
            <system value="https://hl7chile.cl/fhir/ig/clcore/CodeSystem/CSCodComunasCL"/>
            <code value="07401"/>
            <display value="Linares"/>
          </coding>
        </valueCodeableConcept>
      </extension>
    </city>
    <district value="Linares">
      <extension url="https://hl7chile.cl/fhir/ig/clcore/StructureDefinition/ProvinciasCl">
        <valueCodeableConcept>
          <coding>
            <system value="https://hl7chile.cl/fhir/ig/clcore/CodeSystem/CSCodProvinciasCL"/>
            <code value="074"/>
            <display value="Linares"/>
          </coding>
        </valueCodeableConcept>
      </extension>
    </district>
    <state value="Del Maule">
      <extension url="https://hl7chile.cl/fhir/ig/clcore/StructureDefinition/RegionesCl">
        <valueCodeableConcept>
          <coding>
            <system value="https://hl7chile.cl/fhir/ig/clcore/CodeSystem/CSCodRegionCL"/>
            <code value="07"/>
            <display value="Del Maule"/>
          </coding>
        </valueCodeableConcept>
      </extension>
    </state>
    <country value="Chile">
      <extension url="https://hl7chile.cl/fhir/ig/clcore/StructureDefinition/CodigoPaises">
        <valueCodeableConcept>
          <coding>
            <system value="https://hl7chile.cl/fhir/ig/clcore/CodeSystem/CodPais"/>
            <code value="152"/>
            <display value="Chile"/>
          </coding>
        </valueCodeableConcept>
      </extension>
    </country>
  </address>
</Organization>