<?xml version="1.0" encoding="UTF-8"?>

<ValueSet xmlns="http://hl7.org/fhir">
  <id value="VSDiagnosticosSCT"/>
  <text>
    <status value="generated"/><div xmlns="http://www.w3.org/1999/xhtml"><p class="res-header-id"><b>Generated Narrative: ValueSet VSDiagnosticosSCT</b></p><a name="VSDiagnosticosSCT"> </a><a name="hcVSDiagnosticosSCT"> </a><a name="VSDiagnosticosSCT-es-CL"> </a><p>This value set includes codes based on the following rules:</p><ul><li>Include codes from<a href="http://www.snomed.org/"><code>http://snomed.info/sct</code></a> where concept  descends from 404684003 (Clinical finding (finding))</li><li>Include these codes as defined in <a href="http://www.snomed.org/"><code>http://snomed.info/sct</code></a><table class="none"><tr><td style="white-space:nowrap"><b>Code</b></td><td><b>Display</b></td></tr><tr><td><a href="http://snomed.info/id/160245001">160245001</a></td><td>No current problems or disability</td></tr></table></li></ul></div>
  </text>
  <url value="https://hl7chile.cl/fhir/ig/clcore/ValueSet/VSDiagnosticosSCT"/>
  <version value="1.9.0"/>
  <name value="VSDiagnosticosSCT"/>
  <title value="Diagnósticos SNOMED y Ausente o Desconocido"/>
  <status value="active"/>
  <experimental value="false"/>
  <date value="2022-07-25T00:00:00-03:00"/>
  <publisher value="HL7 Chile"/>
  <contact>
    <name value="HL7 Chile"/>
    <telecom>
      <system value="url"/>
      <value value="http://hl7chile.cl"/>
    </telecom>
    <telecom>
      <system value="email"/>
      <value value="chair@hl7chile.cl"/>
    </telecom>
  </contact>
  <description value="Diagnósticos definidos en Snomed-CT."/>
  <jurisdiction>
    <coding>
      <system value="urn:iso:std:iso:3166"/>
      <code value="CL"/>
      <display value="Chile"/>
    </coding>
  </jurisdiction>
  <copyright value="This value set includes content from SNOMED CT, which is copyright © 2002+ International Health Terminology Standards Development Organisation (IHTSDO), and distributed by agreement between IHTSDO and HL7. Implementer use of SNOMED CT is not covered by this agreement"/>
  <compose>
    <include>
      <system value="http://snomed.info/sct"/>
      <filter>
        <property value="concept"/>
        <op value="descendent-of"/>
        <value value="404684003"/>
      </filter>
    </include>
    <include>
      <system value="http://snomed.info/sct"/>
      <concept>
        <code value="160245001"/>
        <display value="No current problems or disability"/>
      </concept>
    </include>
  </compose>
</ValueSet>