<?xml version="1.0" encoding="UTF-8"?>

<ValueSet xmlns="http://hl7.org/fhir">
  <id value="VSCodMadurez"/>
  <text>
    <status value="generated"/><div xmlns="http://www.w3.org/1999/xhtml"><ul><li>Include all codes defined in <a href="CodeSystem-CSCodMadurez.html"><code>https://hl7chile.cl/fhir/ig/clcore/CodeSystem/CSCodMadurez</code></a></li></ul></div>
  </text>
  <url value="https://hl7chile.cl/fhir/ig/clcore/ValueSet/VSCodMadurez"/>
  <version value="1.8.7"/>
  <name value="VSCodMadurez"/>
  <title value="Códigos de grado de madurez del artefacto"/>
  <status value="active"/>
  <experimental value="false"/>
  <date value="2022-07-25T00:00:00-03:00"/>
  <publisher value="HL7 Chile"/>
  <contact>
    <name value="HL7 Chile"/>
    <telecom>
      <system value="url"/>
      <value value="http://hl7chile.cl"/>
    </telecom>
    <telecom>
      <system value="email"/>
      <value value="chair@hl7chile.cl"/>
    </telecom>
  </contact>
  <description value="Códigos de grado de madurez del artefacto"/>
  <jurisdiction>
    <coding>
      <system value="urn:iso:std:iso:3166"/>
      <code value="CL"/>
      <display value="Chile"/>
    </coding>
  </jurisdiction>
  <copyright value="This value set includes content from SNOMED CT, which is copyright © 2002+ International Health Terminology Standards Development Organisation (IHTSDO), and distributed by agreement between IHTSDO and HL7. Implementer use of SNOMED CT is not covered by this agreement"/>
  <compose>
    <include>
      <system value="https://hl7chile.cl/fhir/ig/clcore/CodeSystem/CSCodMadurez"/>
    </include>
  </compose>
</ValueSet>