[
  {
    "id" : "CSCodComunasCL",
    "type" : "CodeSystem",
    "url" : "https://hl7chile.cl/fhir/ig/clcore/CodeSystem/CSCodComunasCL",
    "version" : "1.8.11",
    "name" : "CSCodComunasCL"
  },
  {
    "id" : "CSCodMadurez",
    "type" : "CodeSystem",
    "url" : "https://hl7chile.cl/fhir/ig/clcore/CodeSystem/CSCodMadurez",
    "version" : "1.8.11",
    "name" : "CSCodMadurez"
  },
  {
    "id" : "CSCodProvinciasCL",
    "type" : "CodeSystem",
    "url" : "https://hl7chile.cl/fhir/ig/clcore/CodeSystem/CSCodProvinciasCL",
    "version" : "1.8.11",
    "name" : "CSCodProvinciasCL"
  },
  {
    "id" : "CSCodRegionCL",
    "type" : "CodeSystem",
    "url" : "https://hl7chile.cl/fhir/ig/clcore/CodeSystem/CSCodRegionCL",
    "version" : "1.8.11",
    "name" : "CSCodRegionCL"
  },
  {
    "id" : "CSCodSSalud",
    "type" : "CodeSystem",
    "url" : "https://hl7chile.cl/fhir/ig/clcore/CodeSystem/CSCodSSalud",
    "version" : "1.8.11",
    "name" : "CSCodSSaludCL"
  },
  {
    "id" : "CSCodigoDNI",
    "type" : "CodeSystem",
    "url" : "https://hl7chile.cl/fhir/ig/clcore/CodeSystem/CSCodigoDNI",
    "version" : "1.8.11",
    "name" : "CSCodigoDNI"
  },
  {
    "id" : "CSCodigoServicio",
    "type" : "CodeSystem",
    "url" : "https://hl7chile.cl/fhir/ig/clcore/CodeSystem/CSCodigoServicio",
    "version" : "1.8.11",
    "name" : "CSCodServicioCL"
  },
  {
    "id" : "CSCodigoVacunas",
    "type" : "CodeSystem",
    "url" : "https://hl7chile.cl/fhir/ig/clcore/CodeSystem/CSCodigoVacunas",
    "version" : "1.8.11",
    "name" : "CSTiposVacunaCL"
  },
  {
    "id" : "CSCodigoslenguaje",
    "type" : "CodeSystem",
    "url" : "https://hl7chile.cl/fhir/ig/clcore/CodeSystem/CSCodigoslenguaje",
    "version" : "1.8.11",
    "name" : "CSCodigoslenguaje"
  },
  {
    "id" : "CSEspecialidadesDeisCL",
    "type" : "CodeSystem",
    "url" : "https://hl7chile.cl/fhir/ig/clcore/CodeSystem/CSEspecialidadesDeisCL",
    "version" : "1.8.11",
    "name" : "CSEspecialidadesDeisCL"
  },
  {
    "id" : "CSIdentidaddeGenero",
    "type" : "CodeSystem",
    "url" : "https://hl7chile.cl/fhir/ig/clcore/CodeSystem/CSIdentidaddeGenero",
    "version" : "1.8.11",
    "name" : "CSIdentidaddeGenero"
  },
  {
    "id" : "CSNombreCampana",
    "type" : "CodeSystem",
    "url" : "https://hl7chile.cl/fhir/ig/clcore/CodeSystem/CSNombreCampana",
    "version" : "1.8.11",
    "name" : "CSNombreCampanaCL"
  },
  {
    "id" : "CSPrevision",
    "type" : "CodeSystem",
    "url" : "https://hl7chile.cl/fhir/ig/clcore/CodeSystem/CSPrevision",
    "version" : "1.8.11",
    "name" : "CSPrevision"
  },
  {
    "id" : "CSRazonNOT",
    "type" : "CodeSystem",
    "url" : "https://hl7chile.cl/fhir/ig/clcore/CodeSystem/CSRazonNOT",
    "version" : "1.8.11",
    "name" : "CSRazonNOencuentroCL"
  },
  {
    "id" : "CSRazonNOTinm",
    "type" : "CodeSystem",
    "url" : "https://hl7chile.cl/fhir/ig/clcore/CodeSystem/CSRazonNOTinm",
    "version" : "1.8.11",
    "name" : "CSRazonNOinmunizacionCL"
  },
  {
    "id" : "CSSexoListadoDeis",
    "type" : "CodeSystem",
    "url" : "https://hl7chile.cl/fhir/ig/clcore/CodeSystem/CSSexoListadoDeis",
    "version" : "1.8.11",
    "name" : "CSSexoListadoDeis"
  },
  {
    "id" : "CSTipoIdentificador",
    "type" : "CodeSystem",
    "url" : "https://hl7chile.cl/fhir/ig/clcore/CodeSystem/CSTipoIdentificador",
    "version" : "1.8.11",
    "name" : "CSTipoIdentificador"
  },
  {
    "id" : "CSTiposEncuentroCL",
    "type" : "CodeSystem",
    "url" : "https://hl7chile.cl/fhir/ig/clcore/CodeSystem/CSTiposEncuentroCL",
    "version" : "1.8.11",
    "name" : "CSTiposEncuentroCL"
  },
  {
    "id" : "CodPais",
    "type" : "CodeSystem",
    "url" : "https://hl7chile.cl/fhir/ig/clcore/CodeSystem/CodPais",
    "version" : "1.8.11",
    "name" : "CSCodPaises"
  },
  {
    "id" : "csrazonnoencuentro",
    "type" : "CodeSystem",
    "url" : "https://hl7chile.cl/fhir/ig/clcore/CodeSystem/csrazonnoencuentro",
    "version" : "1.8.11",
    "name" : "CSrazonnoencuentro"
  },
  {
    "id" : "hl7.fhir.cl.clcore",
    "type" : "ImplementationGuide",
    "url" : "https://hl7chile.cl/fhir/ig/clcore/ImplementationGuide/hl7.fhir.cl.clcore",
    "version" : "1.8.11",
    "name" : "clcore"
  },
  {
    "id" : "AuditEventCl",
    "type" : "StructureDefinition",
    "url" : "https://hl7chile.cl/fhir/ig/clcore/StructureDefinition/AuditEventCl",
    "version" : "1.8.11",
    "name" : "AuditEventCl"
  },
  {
    "id" : "CodigoPaises",
    "type" : "StructureDefinition",
    "url" : "https://hl7chile.cl/fhir/ig/clcore/StructureDefinition/CodigoPaises",
    "version" : "1.8.11",
    "name" : "PaisOrigenNacionalidadCl"
  },
  {
    "id" : "ComunasCl",
    "type" : "StructureDefinition",
    "url" : "https://hl7chile.cl/fhir/ig/clcore/StructureDefinition/ComunasCl",
    "version" : "1.8.11",
    "name" : "ComunasCl"
  },
  {
    "id" : "ContactoParticipantes",
    "type" : "StructureDefinition",
    "url" : "https://hl7chile.cl/fhir/ig/clcore/StructureDefinition/ContactoParticipantes",
    "version" : "1.8.11",
    "name" : "ContactopartCL"
  },
  {
    "id" : "CoreDiagnosticoCl",
    "type" : "StructureDefinition",
    "url" : "https://hl7chile.cl/fhir/ig/clcore/StructureDefinition/CoreDiagnosticoCl",
    "version" : "1.8.11",
    "name" : "DiagnosticoCl"
  },
  {
    "id" : "CoreLocalizacionCl",
    "type" : "StructureDefinition",
    "url" : "https://hl7chile.cl/fhir/ig/clcore/StructureDefinition/CoreLocalizacionCl",
    "version" : "1.8.11",
    "name" : "LocalizacionCL"
  },
  {
    "id" : "CoreMedicamentoCl",
    "type" : "StructureDefinition",
    "url" : "https://hl7chile.cl/fhir/ig/clcore/StructureDefinition/CoreMedicamentoCl",
    "version" : "1.8.11",
    "name" : "MedicamentoCL"
  },
  {
    "id" : "CoreOrganizacionCl",
    "type" : "StructureDefinition",
    "url" : "https://hl7chile.cl/fhir/ig/clcore/StructureDefinition/CoreOrganizacionCl",
    "version" : "1.8.11",
    "name" : "OrganizacionCL"
  },
  {
    "id" : "CorePacienteCl",
    "type" : "StructureDefinition",
    "url" : "https://hl7chile.cl/fhir/ig/clcore/StructureDefinition/CorePacienteCl",
    "version" : "1.8.11",
    "name" : "PacienteCl"
  },
  {
    "id" : "CorePrestadorCl",
    "type" : "StructureDefinition",
    "url" : "https://hl7chile.cl/fhir/ig/clcore/StructureDefinition/CorePrestadorCl",
    "version" : "1.8.11",
    "name" : "PrestadorCL"
  },
  {
    "id" : "CoreRolClinicoCl",
    "type" : "StructureDefinition",
    "url" : "https://hl7chile.cl/fhir/ig/clcore/StructureDefinition/CoreRolClinicoCl",
    "version" : "1.8.11",
    "name" : "CoreRolClinicoCl"
  },
  {
    "id" : "DocumentoCl",
    "type" : "StructureDefinition",
    "url" : "https://hl7chile.cl/fhir/ig/clcore/StructureDefinition/DocumentoCl",
    "version" : "1.8.11",
    "name" : "DocumentoCl"
  },
  {
    "id" : "EncounterCL",
    "type" : "StructureDefinition",
    "url" : "https://hl7chile.cl/fhir/ig/clcore/StructureDefinition/EncounterCL",
    "version" : "1.8.11",
    "name" : "EncounterCL"
  },
  {
    "id" : "IdContacto",
    "type" : "StructureDefinition",
    "url" : "https://hl7chile.cl/fhir/ig/clcore/StructureDefinition/IdContacto",
    "version" : "1.8.11",
    "name" : "IdentificacionContactoCl"
  },
  {
    "id" : "IdentidadDeGenero",
    "type" : "StructureDefinition",
    "url" : "https://hl7chile.cl/fhir/ig/clcore/StructureDefinition/IdentidadDeGenero",
    "version" : "1.8.11",
    "name" : "IdentidadDeGenero"
  },
  {
    "id" : "ImmunizationCL",
    "type" : "StructureDefinition",
    "url" : "https://hl7chile.cl/fhir/ig/clcore/StructureDefinition/ImmunizationCL",
    "version" : "1.8.11",
    "name" : "ImmunizationCL"
  },
  {
    "id" : "NotasEncuentro",
    "type" : "StructureDefinition",
    "url" : "https://hl7chile.cl/fhir/ig/clcore/StructureDefinition/NotasEncuentro",
    "version" : "1.8.11",
    "name" : "NotasCL"
  },
  {
    "id" : "ObservacionesDiagnostico",
    "type" : "StructureDefinition",
    "url" : "https://hl7chile.cl/fhir/ig/clcore/StructureDefinition/ObservacionesDiagnostico",
    "version" : "1.8.11",
    "name" : "ObservacionesNotas"
  },
  {
    "id" : "ProvenanceCl",
    "type" : "StructureDefinition",
    "url" : "https://hl7chile.cl/fhir/ig/clcore/StructureDefinition/ProvenanceCl",
    "version" : "1.8.11",
    "name" : "ProvenanceCL"
  },
  {
    "id" : "ProvinciasCl",
    "type" : "StructureDefinition",
    "url" : "https://hl7chile.cl/fhir/ig/clcore/StructureDefinition/ProvinciasCl",
    "version" : "1.8.11",
    "name" : "ProvinciasCl"
  },
  {
    "id" : "RazonNOrealizarse",
    "type" : "StructureDefinition",
    "url" : "https://hl7chile.cl/fhir/ig/clcore/StructureDefinition/RazonNOrealizarse",
    "version" : "1.8.11",
    "name" : "RazonNOTatencionCL"
  },
  {
    "id" : "RegionesCl",
    "type" : "StructureDefinition",
    "url" : "https://hl7chile.cl/fhir/ig/clcore/StructureDefinition/RegionesCl",
    "version" : "1.8.11",
    "name" : "RegionesCl"
  },
  {
    "id" : "SegundoApellido",
    "type" : "StructureDefinition",
    "url" : "https://hl7chile.cl/fhir/ig/clcore/StructureDefinition/SegundoApellido",
    "version" : "1.8.11",
    "name" : "SegundoApellido"
  },
  {
    "id" : "SexoBiologico",
    "type" : "StructureDefinition",
    "url" : "https://hl7chile.cl/fhir/ig/clcore/StructureDefinition/SexoBiologico",
    "version" : "1.8.11",
    "name" : "SexoBiologico"
  },
  {
    "id" : "VSEspecialidadesDeisCL",
    "type" : "StructureDefinition",
    "url" : "https://hl7chile.cl/fhir/ig/clcore/StructureDefinition/VSEspecialidadesDeisCL",
    "version" : "1.8.11",
    "name" : "EspecialidadCL"
  },
  {
    "id" : "cl-address",
    "type" : "StructureDefinition",
    "url" : "https://hl7chile.cl/fhir/ig/clcore/StructureDefinition/cl-address",
    "version" : "1.8.11",
    "name" : "ClAddress"
  },
  {
    "id" : "CodPais",
    "type" : "ValueSet",
    "url" : "https://hl7chile.cl/fhir/ig/clcore/ValueSet/CodPais",
    "version" : "1.8.11",
    "name" : "CodPaises"
  },
  {
    "id" : "VSCodMadurez",
    "type" : "ValueSet",
    "url" : "https://hl7chile.cl/fhir/ig/clcore/ValueSet/VSCodMadurez",
    "version" : "1.8.11",
    "name" : "VSCodMadurez"
  },
  {
    "id" : "VSCodigosComunaCL",
    "type" : "ValueSet",
    "url" : "https://hl7chile.cl/fhir/ig/clcore/ValueSet/VSCodigosComunaCL",
    "version" : "1.8.11",
    "name" : "VSCodigosComunaCL"
  },
  {
    "id" : "VSCodigosProvinciasCL",
    "type" : "ValueSet",
    "url" : "https://hl7chile.cl/fhir/ig/clcore/ValueSet/VSCodigosProvinciasCL",
    "version" : "1.8.11",
    "name" : "VSCodigosProvinciasCL"
  },
  {
    "id" : "VSCodigosRegionesCL",
    "type" : "ValueSet",
    "url" : "https://hl7chile.cl/fhir/ig/clcore/ValueSet/VSCodigosRegionesCL",
    "version" : "1.8.11",
    "name" : "VSCodigosRegionesCL"
  },
  {
    "id" : "VSCodigosServiciosSalud",
    "type" : "ValueSet",
    "url" : "https://hl7chile.cl/fhir/ig/clcore/ValueSet/VSCodigosServiciosSalud",
    "version" : "1.8.11",
    "name" : "VSCodigosServiciosSaludCL"
  },
  {
    "id" : "VSCodigoslenguaje",
    "type" : "ValueSet",
    "url" : "https://hl7chile.cl/fhir/ig/clcore/ValueSet/VSCodigoslenguaje",
    "version" : "1.8.11",
    "name" : "VSCodigoslenguaje"
  },
  {
    "id" : "VSContactosec",
    "type" : "ValueSet",
    "url" : "https://hl7chile.cl/fhir/ig/clcore/ValueSet/VSContactosec",
    "version" : "1.8.11",
    "name" : "VSContactoSecundario"
  },
  {
    "id" : "VSDiagnosticosSCT",
    "type" : "ValueSet",
    "url" : "https://hl7chile.cl/fhir/ig/clcore/ValueSet/VSDiagnosticosSCT",
    "version" : "1.8.11",
    "name" : "VSDiagnosticosSCT"
  },
  {
    "id" : "VSEspecialidadesDeisCL",
    "type" : "ValueSet",
    "url" : "https://hl7chile.cl/fhir/ig/clcore/ValueSet/VSEspecialidadesDeisCL",
    "version" : "1.8.11",
    "name" : "VSEspecialidadesDeisCL"
  },
  {
    "id" : "VSIdentidaddeGenero",
    "type" : "ValueSet",
    "url" : "https://hl7chile.cl/fhir/ig/clcore/ValueSet/VSIdentidaddeGenero",
    "version" : "1.8.11",
    "name" : "VSIdentidaddeGenero"
  },
  {
    "id" : "VSNombreCampana",
    "type" : "ValueSet",
    "url" : "https://hl7chile.cl/fhir/ig/clcore/ValueSet/VSNombreCampana",
    "version" : "1.8.11",
    "name" : "VSNombreCampanaCL"
  },
  {
    "id" : "VSPrevision",
    "type" : "ValueSet",
    "url" : "https://hl7chile.cl/fhir/ig/clcore/ValueSet/VSPrevision",
    "version" : "1.8.11",
    "name" : "VSPrevision"
  },
  {
    "id" : "VSRazonNOT",
    "type" : "ValueSet",
    "url" : "https://hl7chile.cl/fhir/ig/clcore/ValueSet/VSRazonNOT",
    "version" : "1.8.11",
    "name" : "VSRazonNOencuentro"
  },
  {
    "id" : "VSRazonNOTinm",
    "type" : "ValueSet",
    "url" : "https://hl7chile.cl/fhir/ig/clcore/ValueSet/VSRazonNOTinm",
    "version" : "1.8.11",
    "name" : "VSRazonNOTinmCL"
  },
  {
    "id" : "VSSexoListadoDeis",
    "type" : "ValueSet",
    "url" : "https://hl7chile.cl/fhir/ig/clcore/ValueSet/VSSexoListadoDeis",
    "version" : "1.8.11",
    "name" : "VSSexoListadoDeis"
  },
  {
    "id" : "VSTipoIdentificador",
    "type" : "ValueSet",
    "url" : "https://hl7chile.cl/fhir/ig/clcore/ValueSet/VSTipoIdentificador",
    "version" : "1.8.11",
    "name" : "VSTipoIdentificador"
  },
  {
    "id" : "VSTiposDocClinico",
    "type" : "ValueSet",
    "url" : "https://hl7chile.cl/fhir/ig/clcore/ValueSet/VSTiposDocClinico",
    "version" : "1.8.11",
    "name" : "VSTiposDocClinico"
  },
  {
    "id" : "VSTiposDocumentos",
    "type" : "ValueSet",
    "url" : "https://hl7chile.cl/fhir/ig/clcore/ValueSet/VSTiposDocumentos",
    "version" : "1.8.11",
    "name" : "VSTiposDocumentos"
  },
  {
    "id" : "VSTiposEncuentroCL",
    "type" : "ValueSet",
    "url" : "https://hl7chile.cl/fhir/ig/clcore/ValueSet/VSTiposEncuentroCL",
    "version" : "1.8.11",
    "name" : "VSTiposEncuentroCL"
  },
  {
    "id" : "VSTiposServicio",
    "type" : "ValueSet",
    "url" : "https://hl7chile.cl/fhir/ig/clcore/ValueSet/VSTiposServicio",
    "version" : "1.8.11",
    "name" : "VSTiposServicioCL"
  },
  {
    "id" : "VSTiposVacunas",
    "type" : "ValueSet",
    "url" : "https://hl7chile.cl/fhir/ig/clcore/ValueSet/VSTiposVacunas",
    "version" : "1.8.11",
    "name" : "VSTiposVacunasCL"
  }
]
