<?xml version="1.0" encoding="UTF-8"?>

<CodeSystem xmlns="http://hl7.org/fhir">
  <id value="CSSexoListadoDeis"/>
  <text>
    <status value="generated"/><div xmlns="http://www.w3.org/1999/xhtml"><p>This case-sensitive code system <code>https://hl7chile.cl/fhir/ig/clcore/CodeSystem/CSSexoListadoDeis</code> defines the following codes:</p><table class="codes"><tr><td style="white-space:nowrap"><b>Code</b></td><td><b>Display</b></td></tr><tr><td style="white-space:nowrap">1<a name="CSSexoListadoDeis-1"> </a></td><td>Hombre</td></tr><tr><td style="white-space:nowrap">2<a name="CSSexoListadoDeis-2"> </a></td><td>Mujer</td></tr><tr><td style="white-space:nowrap">3<a name="CSSexoListadoDeis-3"> </a></td><td>Intersexual</td></tr><tr><td style="white-space:nowrap">93<a name="CSSexoListadoDeis-93"> </a></td><td>No Informado</td></tr><tr><td style="white-space:nowrap">99<a name="CSSexoListadoDeis-99"> </a></td><td>Desconocido</td></tr></table></div>
  </text>
  <url value="https://hl7chile.cl/fhir/ig/clcore/CodeSystem/CSSexoListadoDeis"/>
  <version value="1.8.11"/>
  <name value="CSSexoListadoDeis"/>
  <title value="Sexo Listado Deis"/>
  <status value="active"/>
  <experimental value="false"/>
  <date value="2023-01-15"/>
  <publisher value="HL7 Chile"/>
  <contact>
    <name value="HL7 Chile"/>
    <telecom>
      <system value="url"/>
      <value value="http://hl7chile.cl"/>
    </telecom>
    <telecom>
      <system value="email"/>
      <value value="chair@hl7chile.cl"/>
    </telecom>
  </contact>
  <description value="Sexo Listado Deis"/>
  <jurisdiction>
    <coding>
      <system value="urn:iso:std:iso:3166"/>
      <code value="CL"/>
      <display value="Chile"/>
    </coding>
  </jurisdiction>
  <copyright value="Usado con el permiso de HL7 International, todos los derechos resevados en los Licencias de HL7 Internacional."/>
  <caseSensitive value="true"/>
  <content value="complete"/>
  <count value="5"/>
  <concept>
    <code value="1"/>
    <display value="Hombre"/>
  </concept>
  <concept>
    <code value="2"/>
    <display value="Mujer"/>
  </concept>
  <concept>
    <code value="3"/>
    <display value="Intersexual"/>
  </concept>
  <concept>
    <code value="93"/>
    <display value="No Informado"/>
  </concept>
  <concept>
    <code value="99"/>
    <display value="Desconocido"/>
  </concept>
</CodeSystem>