{
  "resourceType" : "CodeSystem",
  "id" : "CSIdentificadores",
  "text" : {
    "status" : "generated",
    "div" : "<div xmlns=\"http://www.w3.org/1999/xhtml\"><p>This case-sensitive code system <code>https://hl7chile.cl/fhir/ig/clcore/CodeSystem/CSIdentificadores</code> defines the following codes:</p><table class=\"codes\"><tr><td style=\"white-space:nowrap\"><b>Code</b></td><td><b>Display</b></td><td><b>Definition</b></td></tr><tr><td style=\"white-space:nowrap\">1<a name=\"CSIdentificadores-1\"> </a></td><td>RUN</td><td>Registro Unico Nacional</td></tr><tr><td style=\"white-space:nowrap\">2<a name=\"CSIdentificadores-2\"> </a></td><td>RNPI</td><td>Registro Nacional de Prestadores Individuales</td></tr><tr><td style=\"white-space:nowrap\">3<a name=\"CSIdentificadores-3\"> </a></td><td>PPN</td><td>Pasaporte</td></tr><tr><td style=\"white-space:nowrap\">4<a name=\"CSIdentificadores-4\"> </a></td><td>OTRO</td><td>Otro tipo de identificador</td></tr></table></div>"
  },
  "url" : "https://hl7chile.cl/fhir/ig/clcore/CodeSystem/CSIdentificadores",
  "version" : "1.8.6",
  "name" : "CSIdentificadores",
  "title" : "Identificadores",
  "status" : "active",
  "experimental" : false,
  "date" : "2023-01-15",
  "publisher" : "HL7 Chile",
  "contact" : [{
    "name" : "HL7 Chile",
    "telecom" : [{
      "system" : "url",
      "value" : "http://hl7chile.cl"
    },
    {
      "system" : "email",
      "value" : "chair@hl7chile.cl"
    }]
  }],
  "description" : "Identificadores",
  "jurisdiction" : [{
    "coding" : [{
      "system" : "urn:iso:std:iso:3166",
      "code" : "CL",
      "display" : "Chile"
    }]
  }],
  "copyright" : "Usado con el permiso de HL7 International, todos los derechos resevados en los Licencias de HL7 Internacional.",
  "caseSensitive" : true,
  "content" : "complete",
  "count" : 4,
  "concept" : [{
    "code" : "1",
    "display" : "RUN",
    "definition" : "Registro Unico Nacional"
  },
  {
    "code" : "2",
    "display" : "RNPI",
    "definition" : "Registro Nacional de Prestadores Individuales"
  },
  {
    "code" : "3",
    "display" : "PPN",
    "definition" : "Pasaporte"
  },
  {
    "code" : "4",
    "display" : "OTRO",
    "definition" : "Otro tipo de identificador"
  }]
}