<?xml version="1.0" encoding="UTF-8"?>

<Condition xmlns="http://hl7.org/fhir">
  <id value="DiagnosticoEj2"/>
  <meta>
    <profile value="https://hl7chile.cl/fhir/ig/clcore/StructureDefinition/CoreDiagnosticoCl"/>
  </meta>
  <text>
    <status value="generated"/><div xmlns="http://www.w3.org/1999/xhtml"><p><b>Generated Narrative: Condition </b><a name="DiagnosticoEj2"> </a><a name="hcDiagnosticoEj2"> </a></p><div style="display: inline-block; background-color: #d9e0e7; padding: 6px; margin: 4px; border: 1px solid #8da1b4; border-radius: 5px; line-height: 60%"><p style="margin-bottom: 0px">ResourceCondition &quot;DiagnosticoEj2&quot; </p><p style="margin-bottom: 0px">Profile: <a href="StructureDefinition-CoreDiagnosticoCl.html">CL Condición-Diagnóstico</a></p></div><p><b>clinicalStatus</b>: Recaída <span style="background: LightGoldenRodYellow; margin: 4px; border: 1px solid khaki"> (<a href="http://terminology.hl7.org/5.5.0/CodeSystem-condition-clinical.html">Condition Clinical Status Codes</a>#relapse &quot;Relapse&quot;)</span></p><p><b>verificationStatus</b>: Sin Confirmar <span style="background: LightGoldenRodYellow; margin: 4px; border: 1px solid khaki"> (<a href="http://terminology.hl7.org/5.5.0/CodeSystem-condition-ver-status.html">ConditionVerificationStatus</a>#unconfirmed &quot;Unconfirmed&quot;)</span></p><p><b>category</b>: Diagnostico del Encuentro <span style="background: LightGoldenRodYellow; margin: 4px; border: 1px solid khaki"> (<a href="http://terminology.hl7.org/5.5.0/CodeSystem-condition-category.html">Condition Category Codes</a>#encounter-diagnosis &quot;Encounter Diagnosis&quot;)</span></p><p><b>code</b>: faringoamigdalitis <span style="background: LightGoldenRodYellow; margin: 4px; border: 1px solid khaki"> (<a href="https://browser.ihtsdotools.org/">SNOMED CT</a>#878818001 &quot;Pharyngotonsillitis&quot;)</span></p><p><b>subject</b>: <a href="Patient-PacienteCL.html">Patient/PacienteCL</a> &quot; ROSALES&quot;</p><p><b>onset</b>: 2022-08-07</p></div>
  </text>
  <clinicalStatus>
    <coding>
      <system value="http://terminology.hl7.org/CodeSystem/condition-clinical"/>
      <code value="relapse"/>
      <display value="Relapse"/>
    </coding>
    <text value="Recaída"/>
  </clinicalStatus>
  <verificationStatus>
    <coding>
      <system value="http://terminology.hl7.org/CodeSystem/condition-ver-status"/>
      <code value="unconfirmed"/>
      <display value="Unconfirmed"/>
    </coding>
    <text value="Sin Confirmar"/>
  </verificationStatus>
  <category>
    <coding>
      <system value="http://terminology.hl7.org/CodeSystem/condition-category"/>
      <code value="encounter-diagnosis"/>
      <display value="Encounter Diagnosis"/>
    </coding>
    <text value="Diagnostico del Encuentro"/>
  </category>
  <code>
    <coding>
      <system value="http://snomed.info/sct"/>
      <code value="878818001"/>
      <display value="Pharyngotonsillitis"/>
    </coding>
    <text value="faringoamigdalitis"/>
  </code>
  <subject>
    <reference value="Patient/PacienteCL"/>
  </subject>
  <onsetDateTime value="2022-08-07"/>
</Condition>