<?xml version="1.0" encoding="UTF-8"?>

<Encounter xmlns="http://hl7.org/fhir">
  <id value="EjemploEncounterCL"/>
  <meta>
    <profile value="https://hl7chile.cl/fhir/ig/clcore/StructureDefinition/EncounterCL"/>
  </meta>
  <text>
    <status value="generated"/><div xmlns="http://www.w3.org/1999/xhtml"><p><b>Generated Narrative: Encounter </b><a name="EjemploEncounterCL"> </a><a name="hcEjemploEncounterCL"> </a></p><div style="display: inline-block; background-color: #d9e0e7; padding: 6px; margin: 4px; border: 1px solid #8da1b4; border-radius: 5px; line-height: 60%"><p style="margin-bottom: 0px">ResourceEncounter &quot;EjemploEncounterCL&quot; </p><p style="margin-bottom: 0px">Profile: <a href="StructureDefinition-EncounterCL.html">Encuentro Clínico</a></p></div><p><b>status</b>: planned</p><p><b>class</b>: Virtual (Details: ActCode code VR  = ' virtual ', stated as ' Virtual ')</p><p><b>serviceType</b>: Consulta Médica <span style="background: LightGoldenRodYellow; margin: 4px; border: 1px solid khaki"> (<a href="http://terminology.hl7.org/5.5.0/CodeSystem-service-type.html">Service type</a>#76 &quot;Health Counselling&quot;)</span></p><p><b>subject</b>: <a href="Patient-PacienteCL.html">Patient/PacienteCL</a> &quot; ROSALES&quot;</p><h3>Participants</h3><table class="grid"><tr><td style="display: none">-</td><td><b>Type</b></td><td><b>Individual</b></td></tr><tr><td style="display: none">*</td><td>Atendedor <span style="background: LightGoldenRodYellow; margin: 4px; border: 1px solid khaki"> (<a href="http://terminology.hl7.org/5.5.0/CodeSystem-v3-ParticipationType.html">ParticipationType</a>#ATND &quot;attender&quot;)</span></td><td><a href="PractitionerRole-EjemploEspecialidadCL2.html">PractitionerRole/EjemploEspecialidadCL2</a></td></tr></table><p><b>period</b>: 2022-06-23 00:00:00-0300 --&gt; 2022-06-23 00:50:00-0300</p><h3>Diagnoses</h3><table class="grid"><tr><td style="display: none">-</td><td><b>Condition</b></td></tr><tr><td style="display: none">*</td><td><a href="Condition-DiagnosticoEj2.html">Condition/DiagnosticoEj2</a></td></tr></table><p><b>serviceProvider</b>: <a href="Organization-OrganizacionClEjemplo1.html">Organization/OrganizacionClEjemplo1</a> &quot;Centro de Salud Familiar Arauco&quot;</p></div>
  </text>
  <status value="planned"/>
  <class>
    <system value="http://terminology.hl7.org/CodeSystem/v3-ActCode"/>
    <code value="VR"/>
    <display value="Virtual"/>
  </class>
  <serviceType>
    <coding>
      <system value="http://terminology.hl7.org/CodeSystem/service-type"/>
      <code value="76"/>
      <display value="Health Counselling"/>
    </coding>
    <text value="Consulta Médica"/>
  </serviceType>
  <subject>
    <reference value="Patient/PacienteCL"/>
  </subject>
  <participant>
    <type>
      <coding>
        <system value="http://terminology.hl7.org/CodeSystem/v3-ParticipationType"/>
        <code value="ATND"/>
        <display value="attender"/>
      </coding>
      <text value="Atendedor"/>
    </type>
    <individual>
      <reference value="PractitionerRole/EjemploEspecialidadCL2"/>
    </individual>
  </participant>
  <period>
    <start value="2022-06-23T00:00:00-03:00"/>
    <end value="2022-06-23T00:50:00-03:00"/>
  </period>
  <diagnosis>
    <condition>
      <reference value="Condition/DiagnosticoEj2"/>
    </condition>
  </diagnosis>
  <serviceProvider>
    <reference value="Organization/OrganizacionClEjemplo1"/>
  </serviceProvider>
</Encounter>