{
  "resourceType" : "Immunization",
  "id" : "ImmunizationEj",
  "meta" : {
    "profile" : ["https://hl7chile.cl/fhir/ig/clcore/StructureDefinition/ImmunizationCL"]
  },
  "text" : {
    "status" : "generated",
    "div" : "<div xmlns=\"http://www.w3.org/1999/xhtml\"><p><b>Generated Narrative: Immunization </b><a name=\"ImmunizationEj\"> </a><a name=\"hcImmunizationEj\"> </a></p><div style=\"display: inline-block; background-color: #d9e0e7; padding: 6px; margin: 4px; border: 1px solid #8da1b4; border-radius: 5px; line-height: 60%\"><p style=\"margin-bottom: 0px\">ResourceImmunization &quot;ImmunizationEj&quot; </p><p style=\"margin-bottom: 0px\">Profile: <a href=\"StructureDefinition-ImmunizationCL.html\">CL Inmunización</a></p></div><p><b>status</b>: completed</p><p><b>vaccineCode</b>: vacuna con antígeno de virus Hepatitis B <span style=\"background: LightGoldenRodYellow; margin: 4px; border: 1px solid khaki\"> (<a href=\"https://browser.ihtsdotools.org/\">SNOMED CT</a>#836374004 &quot;Hepatitis B virus antigen-containing vaccine product&quot;)</span></p><p><b>patient</b>: <a href=\"Patient-PacienteCL.html\">Patient/PacienteCL</a> &quot; ROSALES&quot;</p><p><b>occurrence</b>: 2022-07-06 14:30:00+0100</p><p><b>recorded</b>: 2022-07-06 14:40:00+0100</p></div>"
  },
  "status" : "completed",
  "vaccineCode" : {
    "coding" : [{
      "system" : "http://snomed.info/sct",
      "code" : "836374004",
      "display" : "Hepatitis B virus antigen-containing vaccine product"
    }],
    "text" : "vacuna con antígeno de virus Hepatitis B"
  },
  "patient" : {
    "reference" : "Patient/PacienteCL"
  },
  "occurrenceDateTime" : "2022-07-06T14:30:00+01:00",
  "recorded" : "2022-07-06T14:40:00+01:00"
}