<?xml version="1.0" encoding="UTF-8"?>

<Location xmlns="http://hl7.org/fhir">
  <id value="LocalizacionEjemploCL1"/>
  <meta>
    <profile value="https://hl7chile.cl/fhir/ig/clcore/StructureDefinition/CoreLocalizacionCl"/>
  </meta>
  <text>
    <status value="generated"/><div xmlns="http://www.w3.org/1999/xhtml"><p><b>Generated Narrative: Location </b><a name="LocalizacionEjemploCL1"> </a><a name="hcLocalizacionEjemploCL1"> </a></p><div style="display: inline-block; background-color: #d9e0e7; padding: 6px; margin: 4px; border: 1px solid #8da1b4; border-radius: 5px; line-height: 60%"><p style="margin-bottom: 0px">ResourceLocation &quot;LocalizacionEjemploCL1&quot; </p><p style="margin-bottom: 0px">Profile: <a href="StructureDefinition-CoreLocalizacionCl.html">CL Localización</a></p></div><p><b>identifier</b>: <code>http://miderfarm.cl/validador_id</code>/23144561</p><p><b>status</b>: active</p><p><b>name</b>: Gran Farmacia Gran</p><p><b>alias</b>: La gran</p><p><b>type</b>: Pharmacy <span style="background: LightGoldenRodYellow; margin: 4px; border: 1px solid khaki"> (<a href="http://terminology.hl7.org/5.5.0/CodeSystem-v3-RoleCode.html">RoleCode</a>#PHARM)</span></p><p><b>telecom</b>: ph: (+56) 234221678(WORK)</p><p><b>address</b>: Calle 10 Norte, 1240, Viña del Mar Viña del Mar Valparaíso Chile </p><h3>Positions</h3><table class="grid"><tr><td style="display: none">-</td><td><b>Longitude</b></td><td><b>Latitude</b></td></tr><tr><td style="display: none">*</td><td>42.2565</td><td>-71.550261</td></tr></table><h3>HoursOfOperations</h3><table class="grid"><tr><td style="display: none">-</td><td><b>DaysOfWeek</b></td><td><b>AllDay</b></td><td><b>OpeningTime</b></td></tr><tr><td style="display: none">*</td><td>sat</td><td>false</td><td>19:00:00</td></tr></table></div>
  </text>
  <identifier>
    <system value="http://miderfarm.cl/validador_id"/>
    <value value="23144561"/>
  </identifier>
  <status value="active"/>
  <name value="Gran Farmacia Gran"/>
  <alias value="La gran"/>
  <type>
    <coding>
      <system value="http://terminology.hl7.org/CodeSystem/v3-RoleCode"/>
      <code value="PHARM"/>
      <display value="Pharmacy"/>
    </coding>
  </type>
  <telecom>
    <system value="phone"/>
    <value value="(+56) 234221678"/>
    <use value="work"/>
  </telecom>
  <address>
    <line value="Calle 10 Norte, 1240, Viña del Mar"/>
    <city value="Viña del Mar">
      <extension url="https://hl7chile.cl/fhir/ig/clcore/StructureDefinition/ComunasCl">
        <valueCodeableConcept>
          <coding>
            <system value="https://hl7chile.cl/fhir/ig/clcore/CodeSystem/CSCodComunasCL"/>
            <code value="05109"/>
            <display value="Viña del Mar"/>
          </coding>
        </valueCodeableConcept>
      </extension>
    </city>
    <district value="Valparaíso">
      <extension url="https://hl7chile.cl/fhir/ig/clcore/StructureDefinition/ProvinciasCl">
        <valueCodeableConcept>
          <coding>
            <system value="https://hl7chile.cl/fhir/ig/clcore/CodeSystem/CSCodProvinciasCL"/>
            <code value="051"/>
            <display value="Valparaíso"/>
          </coding>
        </valueCodeableConcept>
      </extension>
    </district>
    <state value="Valparaíso">
      <extension url="https://hl7chile.cl/fhir/ig/clcore/StructureDefinition/RegionesCl">
        <valueCodeableConcept>
          <coding>
            <system value="https://hl7chile.cl/fhir/ig/clcore/CodeSystem/CSCodRegionCL"/>
            <code value="05"/>
            <display value="Valparaíso"/>
          </coding>
        </valueCodeableConcept>
      </extension>
    </state>
    <country value="Chile">
      <extension url="https://hl7chile.cl/fhir/ig/clcore/StructureDefinition/CodigoPaises">
        <valueCodeableConcept>
          <coding>
            <system value="https://hl7chile.cl/fhir/ig/clcore/CodeSystem/CodPais"/>
            <code value="152"/>
            <display value="Chile"/>
          </coding>
        </valueCodeableConcept>
      </extension>
    </country>
  </address>
  <position>
    <longitude value="42.2565"/>
    <latitude value="-71.550261"/>
  </position>
  <hoursOfOperation>
    <daysOfWeek value="sat"/>
    <allDay value="false"/>
    <openingTime value="19:00:00"/>
  </hoursOfOperation>
</Location>