<?xml version="1.0" encoding="UTF-8"?>

<Medication xmlns="http://hl7.org/fhir">
  <id value="MedicamentoCl-2"/>
  <meta>
    <profile value="https://hl7chile.cl/fhir/ig/clcore/StructureDefinition/CoreMedicamentoCl"/>
  </meta>
  <text>
    <status value="generated"/><div xmlns="http://www.w3.org/1999/xhtml"><p><b>Generated Narrative: Medication </b><a name="MedicamentoCl-2"> </a><a name="hcMedicamentoCl-2"> </a></p><div style="display: inline-block; background-color: #d9e0e7; padding: 6px; margin: 4px; border: 1px solid #8da1b4; border-radius: 5px; line-height: 60%"><p style="margin-bottom: 0px">ResourceMedication &quot;MedicamentoCl-2&quot; </p><p style="margin-bottom: 0px">Profile: <a href="StructureDefinition-CoreMedicamentoCl.html">CL Medicamento</a></p></div><p><b>identifier</b>: <code>http://minsal.cl/semantikos/description-id</code>/1703591000167111 (use: official), <code>http://minsal.cl/semantikos/concept-id</code>/696681000167108 (use: official)</p><p><b>code</b>: Hidroclorotiazida 25 mg + Valsartán 160 mg comprimido <span style="background: LightGoldenRodYellow; margin: 4px; border: 1px solid khaki"> ()</span></p></div>
  </text>
  <identifier>
    <use value="official"/>
    <system value="http://minsal.cl/semantikos/description-id"/>
    <value value="1703591000167111"/>
  </identifier>
  <identifier>
    <use value="official"/>
    <system value="http://minsal.cl/semantikos/concept-id"/>
    <value value="696681000167108"/>
  </identifier>
  <code>
    <text value="Hidroclorotiazida 25 mg + Valsartán 160 mg comprimido"/>
  </code>
</Medication>