<?xml version="1.0" encoding="UTF-8"?>

<Organization xmlns="http://hl7.org/fhir">
  <id value="OrganizacionClEjemplo1"/>
  <meta>
    <profile value="https://hl7chile.cl/fhir/ig/clcore/StructureDefinition/CoreOrganizacionCl"/>
  </meta>
  <text>
    <status value="generated"/><div xmlns="http://www.w3.org/1999/xhtml"><p><b>Generated Narrative: Organization </b><a name="OrganizacionClEjemplo1"> </a><a name="hcOrganizacionClEjemplo1"> </a></p><div style="display: inline-block; background-color: #d9e0e7; padding: 6px; margin: 4px; border: 1px solid #8da1b4; border-radius: 5px; line-height: 60%"><p style="margin-bottom: 0px">ResourceOrganization &quot;OrganizacionClEjemplo1&quot; </p><p style="margin-bottom: 0px">Profile: <a href="StructureDefinition-CoreOrganizacionCl.html">CL Organización</a></p></div><p><b>identifier</b>: <code>https://datos.gob.cl/dataset/establecimientos-de-salud-vigentes/resource/2c44d782-3365-44e3-aefb-2c8b8363a1bc</code>/111372</p><p><b>active</b>: true</p><p><b>name</b>: Centro de Salud Familiar Arauco</p><p><b>alias</b>: Cesfam Arauco</p><p><b>address</b>: Sepúlveda Leyton 3288 Santiago Centro Metropolitana de Santiago Chile </p></div>
  </text>
  <identifier>
    <system value="https://datos.gob.cl/dataset/establecimientos-de-salud-vigentes/resource/2c44d782-3365-44e3-aefb-2c8b8363a1bc"/>
    <value value="111372"/>
  </identifier>
  <active value="true"/>
  <name value="Centro de Salud Familiar Arauco"/>
  <alias value="Cesfam Arauco"/>
  <address>
    <line value="Sepúlveda Leyton 3288"/>
    <city value="Santiago Centro">
      <extension url="https://hl7chile.cl/fhir/ig/clcore/StructureDefinition/ComunasCl">
        <valueCodeableConcept>
          <coding>
            <system value="https://hl7chile.cl/fhir/ig/clcore/CodeSystem/CSCodComunasCL"/>
            <code value="13101"/>
            <display value="Santiago Centro"/>
          </coding>
        </valueCodeableConcept>
      </extension>
    </city>
    <district value="Santiago">
      <extension url="https://hl7chile.cl/fhir/ig/clcore/StructureDefinition/ProvinciasCl">
        <valueCodeableConcept>
          <coding>
            <system value="https://hl7chile.cl/fhir/ig/clcore/CodeSystem/CSCodProvinciasCL"/>
            <code value="131"/>
            <display value="Santiago"/>
          </coding>
        </valueCodeableConcept>
      </extension>
    </district>
    <state value="Metropolitana de Santiago">
      <extension url="https://hl7chile.cl/fhir/ig/clcore/StructureDefinition/RegionesCl">
        <valueCodeableConcept>
          <coding>
            <system value="https://hl7chile.cl/fhir/ig/clcore/CodeSystem/CSCodRegionCL"/>
            <code value="13"/>
            <display value="Metropolitana de Santiago"/>
          </coding>
        </valueCodeableConcept>
      </extension>
    </state>
    <country value="Chile">
      <extension url="https://hl7chile.cl/fhir/ig/clcore/StructureDefinition/CodigoPaises">
        <valueCodeableConcept>
          <coding>
            <system value="https://hl7chile.cl/fhir/ig/clcore/CodeSystem/CodPais"/>
            <code value="152"/>
            <display value="Chile"/>
          </coding>
        </valueCodeableConcept>
      </extension>
    </country>
  </address>
</Organization>