URL,Version,Status,OIDs,Name,Title,Descriptino,Uses,Used,Sources
https://hl7chile.cl/fhir/ig/clcore/ValueSet/CodPais,1.8.12,active,,CodPaises,Códigos de Países,"Codigos definidos para la identificación de países segun norma ISO3166-N",,"Internal"
https://hl7chile.cl/fhir/ig/clcore/ValueSet/VSCodMadurez,1.8.12,active,,VSCodMadurez,Códigos de grado de madurez del artefacto,"Códigos de grado de madurez del artefacto",,"Internal"
https://hl7chile.cl/fhir/ig/clcore/ValueSet/VSCodigosComunaCL,1.8.12,active,,VSCodigosComunaCL,Códigos de Comunas en Chile,"Códigos de Comunas para Chile según Códigos Únicos Territoriales Actualizados, por Decreto exento No 817 del Ministerio del Interior",,"Internal"
https://hl7chile.cl/fhir/ig/clcore/ValueSet/VSCodigosProvinciasCL,1.8.12,active,,VSCodigosProvinciasCL,Códigos de Provincias en Chile,"Códigos de Provincias para Chile según Códigos Únicos Territoriales Actualizados, por Decreto exento No 817 del Ministerio del Interior",,"Internal"
https://hl7chile.cl/fhir/ig/clcore/ValueSet/VSCodigosRegionesCL,1.8.12,active,,VSCodigosRegionesCL,Códigos de Regiones en Chile,"Códigos de Regiones para Chile según Códigos Únicos Territoriales Actualizados, por Decreto exento No 817 del Ministerio del Interior",,"Internal"
https://hl7chile.cl/fhir/ig/clcore/ValueSet/VSCodigoslenguaje,1.8.12,active,,VSCodigoslenguaje,Codigos Lenguaje,"Códigos de leguaje",,"Internal"
https://hl7chile.cl/fhir/ig/clcore/ValueSet/VSDiagnosticosSCT,1.8.12,active,,VSDiagnosticosSCT,Diagnósticos SNOMED y Ausente o Desconocido,"Diagnósticos definidos en Snomed-CT.",,"SCT"
https://hl7chile.cl/fhir/ig/clcore/ValueSet/VSEspecialidadesDeisCL,1.8.12,active,,VSEspecialidadesDeisCL,Códigos de Especialidades,"Códigos de especialidades médicas descritas según DEIS",,"Internal"
https://hl7chile.cl/fhir/ig/clcore/ValueSet/VSIdentidaddeGenero,1.8.12,active,,VSIdentidaddeGenero,Identidad de Genero,"Identidad de Genero",,"Internal"
https://hl7chile.cl/fhir/ig/clcore/ValueSet/VSNombreCampana,1.8.12,active,,VSNombreCampanaCL,Campañas de Vacunación,"Campañas de Inmunización utilizada en Chile según CodeSystem local",,"Internal"
https://hl7chile.cl/fhir/ig/clcore/ValueSet/VSRazonNOT,1.8.12,active,,VSRazonNOencuentro,Razones no Atención Remota,"Razones por la que no se lleva a cabo un encuentro remoto según CodeSystem local",,"Internal"
https://hl7chile.cl/fhir/ig/clcore/ValueSet/VSRazonNOTinm,1.8.12,active,,VSRazonNOTinmCL,Razones no Inmunización,"Razones por la que no se lleva a cabo la administración de una vacuna o registro de una inmunización según CodeSystem local",,"Internal"
https://hl7chile.cl/fhir/ig/clcore/ValueSet/VSSexoListadoDeis,1.8.12,active,,VSSexoListadoDeis,Sexo Listado Deis,"Sexo Listado Deis",,"Internal"
https://hl7chile.cl/fhir/ig/clcore/ValueSet/VSTipoIdentificador,1.8.12,active,,VSTipoIdentificador,Tipo Identificador,"Tipo Identificador",,"Internal"
https://hl7chile.cl/fhir/ig/clcore/ValueSet/VSTiposDocClinico,1.8.12,active,,VSTiposDocClinico,Tipos de Documentos Clínicos,"Tipos de Documentos clínicos para Composition. Se trae todo Loinc, se requerirá un VS específico",,"LOINC"
https://hl7chile.cl/fhir/ig/clcore/ValueSet/VSTiposDocumentos,1.8.12,active,,VSTiposDocumentos,Tipos de Documentos,"Tipos de Documentos para identificación según tabla HL7 V3 y CodeSystem local.",,"THO (V2),Internal"
https://hl7chile.cl/fhir/ig/clcore/ValueSet/VSTiposEncuentroCL,1.8.12,active,,VSTiposEncuentroCL,Tipos de Encuentro,"Códigos de Encuentros según MINSAL",,"Internal"
https://hl7chile.cl/fhir/ig/clcore/ValueSet/VSTiposServicio,1.8.12,active,,VSTiposServicioCL,Tipos de Servicios Remotos,"Tipos de Servicios para encuentro remoto según CodeSystem local",,"Internal"
https://hl7chile.cl/fhir/ig/clcore/ValueSet/VSTiposVacunas,1.8.12,active,,VSTiposVacunasCL,Tipos de Vacunas RNI,"Tipos de Vacunas utilizadas en Chile según CodeSystem local",,"Internal"
