{"resourceType":"CodeSystem","id":"CSSexoListadoDeis","text":{"status":"generated","div":"<div xmlns=\"http://www.w3.org/1999/xhtml\"><p>This case-sensitive code system <code>https://hl7chile.cl/fhir/ig/clcore/CodeSystem/CSSexoListadoDeis</code> defines the following codes:</p><table class=\"codes\"><tr><td style=\"white-space:nowrap\"><b>Code</b></td><td><b>Display</b></td></tr><tr><td style=\"white-space:nowrap\">1<a name=\"CSSexoListadoDeis-1\"> </a></td><td>Hombre</td></tr><tr><td style=\"white-space:nowrap\">2<a name=\"CSSexoListadoDeis-2\"> </a></td><td>Mujer</td></tr><tr><td style=\"white-space:nowrap\">3<a name=\"CSSexoListadoDeis-3\"> </a></td><td>Intersexual</td></tr><tr><td style=\"white-space:nowrap\">93<a name=\"CSSexoListadoDeis-93\"> </a></td><td>No Informado</td></tr><tr><td style=\"white-space:nowrap\">99<a name=\"CSSexoListadoDeis-99\"> </a></td><td>Desconocido</td></tr></table></div>"},"url":"https://hl7chile.cl/fhir/ig/clcore/CodeSystem/CSSexoListadoDeis","version":"1.8.11","name":"CSSexoListadoDeis","title":"Sexo Listado Deis","status":"active","experimental":false,"date":"2023-01-15","publisher":"HL7 Chile","contact":[{"name":"HL7 Chile","telecom":[{"system":"url","value":"http://hl7chile.cl"},{"system":"email","value":"chair@hl7chile.cl"}]}],"description":"Sexo Listado Deis","jurisdiction":[{"coding":[{"system":"urn:iso:std:iso:3166","code":"CL","display":"Chile"}]}],"copyright":"Usado con el permiso de HL7 International, todos los derechos resevados en los Licencias de HL7 Internacional.","caseSensitive":true,"content":"complete","count":5,"concept":[{"code":"1","display":"Hombre"},{"code":"2","display":"Mujer"},{"code":"3","display":"Intersexual"},{"code":"93","display":"No Informado"},{"code":"99","display":"Desconocido"}]}