{"resourceType":"ImplementationGuide","id":"hl7.fhir.cl.clcore","text":{"status":"extensions","div":"<div xmlns=\"http://www.w3.org/1999/xhtml\"><h2>clcore</h2><p>The official URL for this implementation guide is: </p><pre>https://hl7chile.cl/fhir/ig/clcore/ImplementationGuide/hl7.fhir.cl.clcore</pre><div><p>Guía de Implementación Versión de Desarrollo Sobre STU 1, para los perfiles Core que se van a requerir a nivel de desarrollo Nacional para Sistemas que Intercambien datos en estandar FHIR-R4</p>\n</div></div>"},"url":"https://hl7chile.cl/fhir/ig/clcore/ImplementationGuide/hl7.fhir.cl.clcore","version":"1.8.6","name":"clcore","title":"Guía de Implementación \"cl core\" FHIR R4, (Versión Evolutiva)","status":"active","date":"2023-12-28T15:41:40-03:00","publisher":"HL7 Chile","contact":[{"name":"HL7 Chile","telecom":[{"system":"url","value":"http://hl7chile.cl"},{"system":"email","value":"chair@hl7chile.cl"}]}],"description":"Guía de Implementación Versión de Desarrollo Sobre STU 1, para los perfiles Core que se van a requerir a nivel de desarrollo Nacional para Sistemas que Intercambien datos en estandar FHIR-R4","jurisdiction":[{"coding":[{"system":"urn:iso:std:iso:3166","code":"CL","display":"Chile"}]}],"copyright":"Usado con el permiso de HL7 International, todos los derechos resevados en los Licencias de HL7 Internacional.","packageId":"hl7.fhir.cl.clcore","license":"CC0-1.0","fhirVersion":["4.0.1"],"dependsOn":[{"id":"hl7tx","extension":[{"url":"http://hl7.org/fhir/tools/StructureDefinition/implementationguide-dependency-comment","valueMarkdown":"Automatically added as a dependency - all IGs depend on HL7 Terminology"}],"uri":"http://terminology.hl7.org/ImplementationGuide/hl7.terminology","packageId":"hl7.terminology.r4","version":"5.3.0"},{"id":"hl7ext","extension":[{"url":"http://hl7.org/fhir/tools/StructureDefinition/implementationguide-dependency-comment","valueMarkdown":"Automatically added as a dependency - all IGs depend on the HL7 Extension Pack"}],"uri":"http://hl7.org/fhir/extensions/ImplementationGuide/hl7.fhir.uv.extensions","packageId":"hl7.fhir.uv.extensions.r4","version":"1.0.0"},{"id":"hl7_fhir_uv_ips","uri":"http://hl7.org/fhir/uv/ips/ImplementationGuide/hl7.fhir.uv.ips","packageId":"hl7.fhir.uv.ips","version":"1.0.0"}],"definition":{"extension":[{"extension":[{"url":"code","valueString":"copyrightyear"},{"url":"value","valueString":"2023+"}],"url":"http://hl7.org/fhir/tools/StructureDefinition/ig-parameter"},{"extension":[{"url":"code","valueString":"releaselabel"},{"url":"value","valueString":"ci-build"}],"url":"http://hl7.org/fhir/tools/StructureDefinition/ig-parameter"},{"extension":[{"url":"code","valueString":"apply-publisher"},{"url":"value","valueString":"true"}],"url":"http://hl7.org/fhir/tools/StructureDefinition/ig-parameter"},{"extension":[{"url":"code","valueString":"apply-contact"},{"url":"value","valueString":"true"}],"url":"http://hl7.org/fhir/tools/StructureDefinition/ig-parameter"},{"extension":[{"url":"code","valueString":"show-inherited-invariants"},{"url":"value","valueString":"false"}],"url":"http://hl7.org/fhir/tools/StructureDefinition/ig-parameter"},{"extension":[{"url":"code","valueString":"excludettl"},{"url":"value","valueString":"true"}],"url":"http://hl7.org/fhir/tools/StructureDefinition/ig-parameter"},{"extension":[{"url":"code","valueString":"generate"},{"url":"value","valueString":"genExamples"}],"url":"http://hl7.org/fhir/tools/StructureDefinition/ig-parameter"},{"extension":[{"url":"code","valueString":"autoload-resources"},{"url":"value","valueString":"true"}],"url":"http://hl7.org/fhir/tools/StructureDefinition/ig-parameter"},{"extension":[{"url":"code","valueString":"path-liquid"},{"url":"value","valueString":"template/liquid"}],"url":"http://hl7.org/fhir/tools/StructureDefinition/ig-parameter"},{"extension":[{"url":"code","valueString":"path-liquid"},{"url":"value","valueString":"input/liquid"}],"url":"http://hl7.org/fhir/tools/StructureDefinition/ig-parameter"},{"extension":[{"url":"code","valueString":"path-qa"},{"url":"value","valueString":"temp/qa"}],"url":"http://hl7.org/fhir/tools/StructureDefinition/ig-parameter"},{"extension":[{"url":"code","valueString":"path-temp"},{"url":"value","valueString":"temp/pages"}],"url":"http://hl7.org/fhir/tools/StructureDefinition/ig-parameter"},{"extension":[{"url":"code","valueString":"path-output"},{"url":"value","valueString":"output"}],"url":"http://hl7.org/fhir/tools/StructureDefinition/ig-parameter"},{"extension":[{"url":"code","valueString":"path-suppressed-warnings"},{"url":"value","valueString":"input/ignoreWarnings.txt"}],"url":"http://hl7.org/fhir/tools/StructureDefinition/ig-parameter"},{"extension":[{"url":"code","valueString":"path-history"},{"url":"value","valueString":"https://hl7chile.cl/fhir/ig/clcore/history.html"}],"url":"http://hl7.org/fhir/tools/StructureDefinition/ig-parameter"},{"extension":[{"url":"code","valueString":"template-html"},{"url":"value","valueString":"template-page.html"}],"url":"http://hl7.org/fhir/tools/StructureDefinition/ig-parameter"},{"extension":[{"url":"code","valueString":"template-md"},{"url":"value","valueString":"template-page-md.html"}],"url":"http://hl7.org/fhir/tools/StructureDefinition/ig-parameter"},{"extension":[{"url":"code","valueString":"apply-context"},{"url":"value","valueString":"true"}],"url":"http://hl7.org/fhir/tools/StructureDefinition/ig-parameter"},{"extension":[{"url":"code","valueString":"apply-copyright"},{"url":"value","valueString":"true"}],"url":"http://hl7.org/fhir/tools/StructureDefinition/ig-parameter"},{"extension":[{"url":"code","valueString":"apply-jurisdiction"},{"url":"value","valueString":"true"}],"url":"http://hl7.org/fhir/tools/StructureDefinition/ig-parameter"},{"extension":[{"url":"code","valueString":"apply-license"},{"url":"value","valueString":"true"}],"url":"http://hl7.org/fhir/tools/StructureDefinition/ig-parameter"},{"extension":[{"url":"code","valueString":"apply-version"},{"url":"value","valueString":"true"}],"url":"http://hl7.org/fhir/tools/StructureDefinition/ig-parameter"},{"extension":[{"url":"code","valueString":"apply-wg"},{"url":"value","valueString":"true"}],"url":"http://hl7.org/fhir/tools/StructureDefinition/ig-parameter"},{"extension":[{"url":"code","valueString":"active-tables"},{"url":"value","valueString":"true"}],"url":"http://hl7.org/fhir/tools/StructureDefinition/ig-parameter"},{"extension":[{"url":"code","valueString":"fmm-definition"},{"url":"value","valueString":"http://hl7.org/fhir/versions.html#maturity"}],"url":"http://hl7.org/fhir/tools/StructureDefinition/ig-parameter"},{"extension":[{"url":"code","valueString":"propagate-status"},{"url":"value","valueString":"true"}],"url":"http://hl7.org/fhir/tools/StructureDefinition/ig-parameter"},{"extension":[{"url":"code","valueString":"excludelogbinaryformat"},{"url":"value","valueString":"true"}],"url":"http://hl7.org/fhir/tools/StructureDefinition/ig-parameter"},{"extension":[{"url":"code","valueString":"tabbed-snapshots"},{"url":"value","valueString":"true"}],"url":"http://hl7.org/fhir/tools/StructureDefinition/ig-parameter"},{"url":"http://hl7.org/fhir/tools/StructureDefinition/ig-internal-dependency","valueCode":"hl7.fhir.uv.tools#current"},{"extension":[{"url":"code","valueCode":"copyrightyear"},{"url":"value","valueString":"2023+"}],"url":"http://hl7.org/fhir/tools/StructureDefinition/ig-parameter"},{"extension":[{"url":"code","valueCode":"releaselabel"},{"url":"value","valueString":"ci-build"}],"url":"http://hl7.org/fhir/tools/StructureDefinition/ig-parameter"},{"extension":[{"url":"code","valueCode":"apply-publisher"},{"url":"value","valueString":"true"}],"url":"http://hl7.org/fhir/tools/StructureDefinition/ig-parameter"},{"extension":[{"url":"code","valueCode":"apply-contact"},{"url":"value","valueString":"true"}],"url":"http://hl7.org/fhir/tools/StructureDefinition/ig-parameter"},{"extension":[{"url":"code","valueCode":"show-inherited-invariants"},{"url":"value","valueString":"false"}],"url":"http://hl7.org/fhir/tools/StructureDefinition/ig-parameter"},{"extension":[{"url":"code","valueCode":"excludettl"},{"url":"value","valueString":"true"}],"url":"http://hl7.org/fhir/tools/StructureDefinition/ig-parameter"},{"extension":[{"url":"code","valueCode":"generate"},{"url":"value","valueString":"genExamples"}],"url":"http://hl7.org/fhir/tools/StructureDefinition/ig-parameter"},{"extension":[{"url":"code","valueCode":"autoload-resources"},{"url":"value","valueString":"true"}],"url":"http://hl7.org/fhir/tools/StructureDefinition/ig-parameter"},{"extension":[{"url":"code","valueCode":"path-liquid"},{"url":"value","valueString":"template/liquid"}],"url":"http://hl7.org/fhir/tools/StructureDefinition/ig-parameter"},{"extension":[{"url":"code","valueCode":"path-liquid"},{"url":"value","valueString":"input/liquid"}],"url":"http://hl7.org/fhir/tools/StructureDefinition/ig-parameter"},{"extension":[{"url":"code","valueCode":"path-qa"},{"url":"value","valueString":"temp/qa"}],"url":"http://hl7.org/fhir/tools/StructureDefinition/ig-parameter"},{"extension":[{"url":"code","valueCode":"path-temp"},{"url":"value","valueString":"temp/pages"}],"url":"http://hl7.org/fhir/tools/StructureDefinition/ig-parameter"},{"extension":[{"url":"code","valueCode":"path-output"},{"url":"value","valueString":"output"}],"url":"http://hl7.org/fhir/tools/StructureDefinition/ig-parameter"},{"extension":[{"url":"code","valueCode":"path-suppressed-warnings"},{"url":"value","valueString":"input/ignoreWarnings.txt"}],"url":"http://hl7.org/fhir/tools/StructureDefinition/ig-parameter"},{"extension":[{"url":"code","valueCode":"path-history"},{"url":"value","valueString":"https://hl7chile.cl/fhir/ig/clcore/history.html"}],"url":"http://hl7.org/fhir/tools/StructureDefinition/ig-parameter"},{"extension":[{"url":"code","valueCode":"template-html"},{"url":"value","valueString":"template-page.html"}],"url":"http://hl7.org/fhir/tools/StructureDefinition/ig-parameter"},{"extension":[{"url":"code","valueCode":"template-md"},{"url":"value","valueString":"template-page-md.html"}],"url":"http://hl7.org/fhir/tools/StructureDefinition/ig-parameter"},{"extension":[{"url":"code","valueCode":"apply-context"},{"url":"value","valueString":"true"}],"url":"http://hl7.org/fhir/tools/StructureDefinition/ig-parameter"},{"extension":[{"url":"code","valueCode":"apply-copyright"},{"url":"value","valueString":"true"}],"url":"http://hl7.org/fhir/tools/StructureDefinition/ig-parameter"},{"extension":[{"url":"code","valueCode":"apply-jurisdiction"},{"url":"value","valueString":"true"}],"url":"http://hl7.org/fhir/tools/StructureDefinition/ig-parameter"},{"extension":[{"url":"code","valueCode":"apply-license"},{"url":"value","valueString":"true"}],"url":"http://hl7.org/fhir/tools/StructureDefinition/ig-parameter"},{"extension":[{"url":"code","valueCode":"apply-version"},{"url":"value","valueString":"true"}],"url":"http://hl7.org/fhir/tools/StructureDefinition/ig-parameter"},{"extension":[{"url":"code","valueCode":"apply-wg"},{"url":"value","valueString":"true"}],"url":"http://hl7.org/fhir/tools/StructureDefinition/ig-parameter"},{"extension":[{"url":"code","valueCode":"active-tables"},{"url":"value","valueString":"true"}],"url":"http://hl7.org/fhir/tools/StructureDefinition/ig-parameter"},{"extension":[{"url":"code","valueCode":"fmm-definition"},{"url":"value","valueString":"http://hl7.org/fhir/versions.html#maturity"}],"url":"http://hl7.org/fhir/tools/StructureDefinition/ig-parameter"},{"extension":[{"url":"code","valueCode":"propagate-status"},{"url":"value","valueString":"true"}],"url":"http://hl7.org/fhir/tools/StructureDefinition/ig-parameter"},{"extension":[{"url":"code","valueCode":"excludelogbinaryformat"},{"url":"value","valueString":"true"}],"url":"http://hl7.org/fhir/tools/StructureDefinition/ig-parameter"},{"extension":[{"url":"code","valueCode":"tabbed-snapshots"},{"url":"value","valueString":"true"}],"url":"http://hl7.org/fhir/tools/StructureDefinition/ig-parameter"},{"extension":[{"url":"code","valueCode":"copyrightyear"},{"url":"value","valueString":"2023+"}],"url":"http://hl7.org/fhir/tools/StructureDefinition/ig-parameter"},{"extension":[{"url":"code","valueCode":"releaselabel"},{"url":"value","valueString":"ci-build"}],"url":"http://hl7.org/fhir/tools/StructureDefinition/ig-parameter"},{"extension":[{"url":"code","valueCode":"apply-publisher"},{"url":"value","valueString":"true"}],"url":"http://hl7.org/fhir/tools/StructureDefinition/ig-parameter"},{"extension":[{"url":"code","valueCode":"apply-contact"},{"url":"value","valueString":"true"}],"url":"http://hl7.org/fhir/tools/StructureDefinition/ig-parameter"},{"extension":[{"url":"code","valueCode":"show-inherited-invariants"},{"url":"value","valueString":"false"}],"url":"http://hl7.org/fhir/tools/StructureDefinition/ig-parameter"},{"extension":[{"url":"code","valueCode":"excludettl"},{"url":"value","valueString":"true"}],"url":"http://hl7.org/fhir/tools/StructureDefinition/ig-parameter"},{"extension":[{"url":"code","valueCode":"generate"},{"url":"value","valueString":"genExamples"}],"url":"http://hl7.org/fhir/tools/StructureDefinition/ig-parameter"},{"extension":[{"url":"code","valueCode":"autoload-resources"},{"url":"value","valueString":"true"}],"url":"http://hl7.org/fhir/tools/StructureDefinition/ig-parameter"},{"extension":[{"url":"code","valueCode":"path-liquid"},{"url":"value","valueString":"template/liquid"}],"url":"http://hl7.org/fhir/tools/StructureDefinition/ig-parameter"},{"extension":[{"url":"code","valueCode":"path-liquid"},{"url":"value","valueString":"input/liquid"}],"url":"http://hl7.org/fhir/tools/StructureDefinition/ig-parameter"},{"extension":[{"url":"code","valueCode":"path-qa"},{"url":"value","valueString":"temp/qa"}],"url":"http://hl7.org/fhir/tools/StructureDefinition/ig-parameter"},{"extension":[{"url":"code","valueCode":"path-temp"},{"url":"value","valueString":"temp/pages"}],"url":"http://hl7.org/fhir/tools/StructureDefinition/ig-parameter"},{"extension":[{"url":"code","valueCode":"path-output"},{"url":"value","valueString":"output"}],"url":"http://hl7.org/fhir/tools/StructureDefinition/ig-parameter"},{"extension":[{"url":"code","valueCode":"path-suppressed-warnings"},{"url":"value","valueString":"input/ignoreWarnings.txt"}],"url":"http://hl7.org/fhir/tools/StructureDefinition/ig-parameter"},{"extension":[{"url":"code","valueCode":"path-history"},{"url":"value","valueString":"https://hl7chile.cl/fhir/ig/clcore/history.html"}],"url":"http://hl7.org/fhir/tools/StructureDefinition/ig-parameter"},{"extension":[{"url":"code","valueCode":"template-html"},{"url":"value","valueString":"template-page.html"}],"url":"http://hl7.org/fhir/tools/StructureDefinition/ig-parameter"},{"extension":[{"url":"code","valueCode":"template-md"},{"url":"value","valueString":"template-page-md.html"}],"url":"http://hl7.org/fhir/tools/StructureDefinition/ig-parameter"},{"extension":[{"url":"code","valueCode":"apply-context"},{"url":"value","valueString":"true"}],"url":"http://hl7.org/fhir/tools/StructureDefinition/ig-parameter"},{"extension":[{"url":"code","valueCode":"apply-copyright"},{"url":"value","valueString":"true"}],"url":"http://hl7.org/fhir/tools/StructureDefinition/ig-parameter"},{"extension":[{"url":"code","valueCode":"apply-jurisdiction"},{"url":"value","valueString":"true"}],"url":"http://hl7.org/fhir/tools/StructureDefinition/ig-parameter"},{"extension":[{"url":"code","valueCode":"apply-license"},{"url":"value","valueString":"true"}],"url":"http://hl7.org/fhir/tools/StructureDefinition/ig-parameter"},{"extension":[{"url":"code","valueCode":"apply-version"},{"url":"value","valueString":"true"}],"url":"http://hl7.org/fhir/tools/StructureDefinition/ig-parameter"},{"extension":[{"url":"code","valueCode":"apply-wg"},{"url":"value","valueString":"true"}],"url":"http://hl7.org/fhir/tools/StructureDefinition/ig-parameter"},{"extension":[{"url":"code","valueCode":"active-tables"},{"url":"value","valueString":"true"}],"url":"http://hl7.org/fhir/tools/StructureDefinition/ig-parameter"},{"extension":[{"url":"code","valueCode":"fmm-definition"},{"url":"value","valueString":"http://hl7.org/fhir/versions.html#maturity"}],"url":"http://hl7.org/fhir/tools/StructureDefinition/ig-parameter"},{"extension":[{"url":"code","valueCode":"propagate-status"},{"url":"value","valueString":"true"}],"url":"http://hl7.org/fhir/tools/StructureDefinition/ig-parameter"},{"extension":[{"url":"code","valueCode":"excludelogbinaryformat"},{"url":"value","valueString":"true"}],"url":"http://hl7.org/fhir/tools/StructureDefinition/ig-parameter"},{"extension":[{"url":"code","valueCode":"tabbed-snapshots"},{"url":"value","valueString":"true"}],"url":"http://hl7.org/fhir/tools/StructureDefinition/ig-parameter"}],"grouping":[{"id":"-str-profile","name":"Structures: Resource Profiles","description":"These define constraints on FHIR resources for systems conforming to this implementation guide."},{"id":"-str-datatype","name":"Structures: Data Type Profiles","description":"These define constraints on FHIR data types for systems conforming to this implementation guide."},{"id":"-str-extension","name":"Structures: Extension Definitions","description":"These define constraints on FHIR data types for systems conforming to this implementation guide."},{"id":"-term-valueset","name":"Terminology: Value Sets","description":"These define sets of codes used by systems conforming to this implementation guide."},{"id":"-term-codesystem","name":"Terminology: Code Systems","description":"These define new code systems used by systems conforming to this implementation guide."},{"id":"-ex-example","name":"Example: Example Instances","description":"These are example instances that show what data produced and consumed by systems conforming with this implementation guide might look like."}],"resource":[{"extension":[{"url":"http://hl7.org/fhir/tools/StructureDefinition/resource-sort","valueInteger":999999999},{"url":"http://hl7.org/fhir/StructureDefinition/implementationguide-page","valueUri":"StructureDefinition-AuditEventCl.html"}],"reference":{"reference":"StructureDefinition/AuditEventCl"},"name":"CL Auditoria","description":"Perfil para genererar un recurso que permita desarrollar auditoría de las transacciones realizadas","exampleBoolean":false,"groupingId":"-str-profile"},{"extension":[{"url":"http://hl7.org/fhir/tools/StructureDefinition/resource-sort","valueInteger":999999999},{"url":"http://hl7.org/fhir/StructureDefinition/implementationguide-page","valueUri":"StructureDefinition-CoreDiagnosticoCl.html"}],"reference":{"reference":"StructureDefinition/CoreDiagnosticoCl"},"name":"CL Condición-Diagnóstico","description":"Condicion o Diagnósticos de Pacientes","exampleBoolean":false,"groupingId":"-str-profile"},{"extension":[{"url":"http://hl7.org/fhir/tools/StructureDefinition/resource-sort","valueInteger":999999999},{"url":"http://hl7.org/fhir/StructureDefinition/implementationguide-page","valueUri":"StructureDefinition-DocumentoCl.html"}],"reference":{"reference":"StructureDefinition/DocumentoCl"},"name":"CL Documento","description":"De un formato genérico para documento clínico en Chile.","exampleBoolean":false,"groupingId":"-str-profile"},{"extension":[{"url":"http://hl7.org/fhir/tools/StructureDefinition/resource-sort","valueInteger":999999999},{"url":"http://hl7.org/fhir/StructureDefinition/implementationguide-page","valueUri":"StructureDefinition-ImmunizationCL.html"}],"reference":{"reference":"StructureDefinition/ImmunizationCL"},"name":"CL Inmunización","description":"Definición de un evento de inmunización para las necesidades de interoperabilidad en Chile.","exampleBoolean":false,"groupingId":"-str-profile"},{"extension":[{"url":"http://hl7.org/fhir/tools/StructureDefinition/resource-sort","valueInteger":999999999},{"url":"http://hl7.org/fhir/StructureDefinition/implementationguide-page","valueUri":"StructureDefinition-CoreLocalizacionCl.html"}],"reference":{"reference":"StructureDefinition/CoreLocalizacionCl"},"name":"CL Localización","description":"Este perfil determina la ubicación especifica para un evento, objeto o Infraestructura específica. Este perfil permite vinlcular la localización especifica con una organización o espacio físico específico","exampleBoolean":false,"groupingId":"-str-profile"},{"extension":[{"url":"http://hl7.org/fhir/tools/StructureDefinition/resource-sort","valueInteger":999999999},{"url":"http://hl7.org/fhir/StructureDefinition/implementationguide-page","valueUri":"StructureDefinition-CoreMedicamentoCl.html"}],"reference":{"reference":"StructureDefinition/CoreMedicamentoCl"},"name":"CL Medicamento","description":"Este Perfil ha sido desarrollado para cubrir las necesidades de definición de un medicamento.","exampleBoolean":false,"groupingId":"-str-profile"},{"extension":[{"url":"http://hl7.org/fhir/tools/StructureDefinition/resource-sort","valueInteger":999999999},{"url":"http://hl7.org/fhir/StructureDefinition/implementationguide-page","valueUri":"StructureDefinition-CoreOrganizacionCl.html"}],"reference":{"reference":"StructureDefinition/CoreOrganizacionCl"},"name":"CL Organización","description":"Este Perfil ha sido desarrollado para cubrir las necesidades del Caso de Uso de Receta Electrónica. Sin embargo, se ha modelado para también cubrir las necesidades nacionales de un Recurso de Organzación en Salud","exampleBoolean":false,"groupingId":"-str-profile"},{"extension":[{"url":"http://hl7.org/fhir/tools/StructureDefinition/resource-sort","valueInteger":999999999},{"url":"http://hl7.org/fhir/StructureDefinition/implementationguide-page","valueUri":"StructureDefinition-CorePacienteCl.html"}],"reference":{"reference":"StructureDefinition/CorePacienteCl"},"name":"CL Paciente","description":"Este Perfil ha sido desarrollado para cubrir las necesidades del Caso de Uso de Receta Electrónica. Sin embargo, se ha modelado con el fin de cubrir las necesidades nacionales de un Recurso Paciente para un Historial Clínico Nacional","exampleBoolean":false,"groupingId":"-str-profile"},{"extension":[{"url":"http://hl7.org/fhir/tools/StructureDefinition/resource-sort","valueInteger":999999999},{"url":"http://hl7.org/fhir/StructureDefinition/implementationguide-page","valueUri":"StructureDefinition-CorePrestadorCl.html"}],"reference":{"reference":"StructureDefinition/CorePrestadorCl"},"name":"CL Prestador","description":"Este Perfil fue creado para cubrir la descripción de un Prestador a nivel Nacional","exampleBoolean":false,"groupingId":"-str-profile"},{"extension":[{"url":"http://hl7.org/fhir/tools/StructureDefinition/resource-sort","valueInteger":999999999},{"url":"http://hl7.org/fhir/StructureDefinition/implementationguide-page","valueUri":"StructureDefinition-ProvenanceCl.html"}],"reference":{"reference":"StructureDefinition/ProvenanceCl"},"name":"CL Provenance","description":"Este Perfil describe la forma de validación respecto a la procedencia de un recurso genrado durante un acto clínico.","exampleBoolean":false,"groupingId":"-str-profile"},{"extension":[{"url":"http://hl7.org/fhir/tools/StructureDefinition/resource-sort","valueInteger":999999999},{"url":"http://hl7.org/fhir/StructureDefinition/implementationguide-page","valueUri":"StructureDefinition-CoreRolClinicoCl.html"}],"reference":{"reference":"StructureDefinition/CoreRolClinicoCl"},"name":"CL RolClinico","description":"Este Perfil ha sido desarrollado para cubrir las necesidades del Caso de Uso de Receta Electrónica. Sin embargo, se ha modelado con el fin de cubrir las necesidades nacionales de un Recurso de Especialidad Médica para la denominación de Prescriptor en Chile","exampleBoolean":false,"groupingId":"-str-profile"},{"extension":[{"url":"http://hl7.org/fhir/tools/StructureDefinition/resource-sort","valueInteger":999999999},{"url":"http://hl7.org/fhir/StructureDefinition/implementationguide-page","valueUri":"StructureDefinition-EncounterCL.html"}],"reference":{"reference":"StructureDefinition/EncounterCL"},"name":"Encuentro Clínico","description":"Definición de encuentro clínico genérico para Chile","exampleBoolean":false,"groupingId":"-str-profile"},{"extension":[{"url":"http://hl7.org/fhir/tools/StructureDefinition/resource-sort","valueInteger":999999999},{"url":"http://hl7.org/fhir/StructureDefinition/implementationguide-page","valueUri":"StructureDefinition-cl-address.html"}],"reference":{"reference":"StructureDefinition/cl-address"},"name":"CL Address","description":"Variable dirección","exampleBoolean":false,"groupingId":"-str-datatype"},{"extension":[{"url":"http://hl7.org/fhir/tools/StructureDefinition/resource-sort","valueInteger":999999999},{"url":"http://hl7.org/fhir/StructureDefinition/implementationguide-page","valueUri":"StructureDefinition-CodigoPaises.html"}],"reference":{"reference":"StructureDefinition/CodigoPaises"},"name":"Codigo de Identificación de países","description":"Esta extensión incluye códigos de paises de origen","exampleBoolean":false,"groupingId":"-str-extension"},{"extension":[{"url":"http://hl7.org/fhir/tools/StructureDefinition/resource-sort","valueInteger":999999999},{"url":"http://hl7.org/fhir/StructureDefinition/implementationguide-page","valueUri":"StructureDefinition-ContactoParticipantes.html"}],"reference":{"reference":"StructureDefinition/ContactoParticipantes"},"name":"Contacto de los participantes secundarios del encuentro","description":"Esta extensión incluye los códigos de los medios de contacto que se tiene para los participantes secundarios","exampleBoolean":false,"groupingId":"-str-extension"},{"extension":[{"url":"http://hl7.org/fhir/tools/StructureDefinition/resource-sort","valueInteger":999999999},{"url":"http://hl7.org/fhir/StructureDefinition/implementationguide-page","valueUri":"StructureDefinition-RazonNOrealizarse.html"}],"reference":{"reference":"StructureDefinition/RazonNOrealizarse"},"name":"Código de las razones por la cual no se pudo realizar la atención","description":"Esta extensión incluye códigos de razones por la cuales no pudo llevarse a cabo el encuentro remoto","exampleBoolean":false,"groupingId":"-str-extension"},{"extension":[{"url":"http://hl7.org/fhir/tools/StructureDefinition/resource-sort","valueInteger":999999999},{"url":"http://hl7.org/fhir/StructureDefinition/implementationguide-page","valueUri":"StructureDefinition-TiposVacunaRNI.html"}],"reference":{"reference":"StructureDefinition/TiposVacunaRNI"},"name":"Código de tipos de Vacunas en Chile","description":"Esta extensión incluye códigos de los tipos de vacunas que existe en el Registro Nacional de Inmunizaciones RNI","exampleBoolean":false,"groupingId":"-str-extension"},{"extension":[{"url":"http://hl7.org/fhir/tools/StructureDefinition/resource-sort","valueInteger":999999999},{"url":"http://hl7.org/fhir/StructureDefinition/implementationguide-page","valueUri":"StructureDefinition-ComunasCl.html"}],"reference":{"reference":"StructureDefinition/ComunasCl"},"name":"Códigos para Comunas en Chile","description":"Esta extensión que permite codiificar las Comunas en Chile en el campo de Dirección","exampleBoolean":false,"groupingId":"-str-extension"},{"extension":[{"url":"http://hl7.org/fhir/tools/StructureDefinition/resource-sort","valueInteger":999999999},{"url":"http://hl7.org/fhir/StructureDefinition/implementationguide-page","valueUri":"StructureDefinition-ProvinciasCl.html"}],"reference":{"reference":"StructureDefinition/ProvinciasCl"},"name":"Códigos para Provincias en Chile","description":"Esta extensión que permite codificar las Provincias en Chile en el campo de Dirección","exampleBoolean":false,"groupingId":"-str-extension"},{"extension":[{"url":"http://hl7.org/fhir/tools/StructureDefinition/resource-sort","valueInteger":999999999},{"url":"http://hl7.org/fhir/StructureDefinition/implementationguide-page","valueUri":"StructureDefinition-RegionesCl.html"}],"reference":{"reference":"StructureDefinition/RegionesCl"},"name":"Códigos para Regiones en Chile","description":"Esta extensión que permite codificar las Regiones en Chile en el campo de Dirección","exampleBoolean":false,"groupingId":"-str-extension"},{"extension":[{"url":"http://hl7.org/fhir/tools/StructureDefinition/resource-sort","valueInteger":999999999},{"url":"http://hl7.org/fhir/StructureDefinition/implementationguide-page","valueUri":"StructureDefinition-VSEspecialidadesDeisCL.html"}],"reference":{"reference":"StructureDefinition/VSEspecialidadesDeisCL"},"name":"Especialidad del médico principal","description":"Esta extensión incluye los códigos de las especialidades que puede tener el medico principal","exampleBoolean":false,"groupingId":"-str-extension"},{"extension":[{"url":"http://hl7.org/fhir/tools/StructureDefinition/resource-sort","valueInteger":999999999},{"url":"http://hl7.org/fhir/StructureDefinition/implementationguide-page","valueUri":"StructureDefinition-IdentidadDeGenero.html"}],"reference":{"reference":"StructureDefinition/IdentidadDeGenero"},"name":"Identidad De Genero","description":"Identidad De Genero","exampleBoolean":false,"groupingId":"-str-extension"},{"extension":[{"url":"http://hl7.org/fhir/tools/StructureDefinition/resource-sort","valueInteger":999999999},{"url":"http://hl7.org/fhir/StructureDefinition/implementationguide-page","valueUri":"StructureDefinition-IdContacto.html"}],"reference":{"reference":"StructureDefinition/IdContacto"},"name":"Identificación del Contacto de un Paciente","description":"Identificación de contacto de paciente en especial para casos en los cuales este actúa como Tutor Legal","exampleBoolean":false,"groupingId":"-str-extension"},{"extension":[{"url":"http://hl7.org/fhir/tools/StructureDefinition/resource-sort","valueInteger":999999999},{"url":"http://hl7.org/fhir/StructureDefinition/implementationguide-page","valueUri":"StructureDefinition-NombreCampana.html"}],"reference":{"reference":"StructureDefinition/NombreCampana"},"name":"Nombre de la Campaña de vacunación establecida por el RNI (Registro Nacional de Inmunizaciones)","description":"Esta extensión incluye los nombres de las distintas Campañas que se realizan y estan registradas en el RNI","exampleBoolean":false,"groupingId":"-str-extension"},{"extension":[{"url":"http://hl7.org/fhir/tools/StructureDefinition/resource-sort","valueInteger":999999999},{"url":"http://hl7.org/fhir/StructureDefinition/implementationguide-page","valueUri":"StructureDefinition-NotasEncuentro.html"}],"reference":{"reference":"StructureDefinition/NotasEncuentro"},"name":"Notas realizadas en un encuentro por Comité","description":"Esta extensión incluye los códigos de los medios de contacto que se tiene para los participantes secundarios","exampleBoolean":false,"groupingId":"-str-extension"},{"extension":[{"url":"http://hl7.org/fhir/tools/StructureDefinition/resource-sort","valueInteger":999999999},{"url":"http://hl7.org/fhir/StructureDefinition/implementationguide-page","valueUri":"StructureDefinition-ObservacionesDiagnostico.html"}],"reference":{"reference":"StructureDefinition/ObservacionesDiagnostico"},"name":"Observaciones o comentarios simples respecto a un diagnóstico","description":"Esta extensión sirve para insertar comentarios acerca a un diagnóstico médico realizado en un encuentro remoto","exampleBoolean":false,"groupingId":"-str-extension"},{"extension":[{"url":"http://hl7.org/fhir/tools/StructureDefinition/resource-sort","valueInteger":999999999},{"url":"http://hl7.org/fhir/StructureDefinition/implementationguide-page","valueUri":"StructureDefinition-RazonNOrealizarseInm.html"}],"reference":{"reference":"StructureDefinition/RazonNOrealizarseInm"},"name":"Razones por las cuales no se pudo realizar la inmunización","description":"Esta extensión incluye las razones por la cuales no pudo llevarse a cabo la inmunización","exampleBoolean":false,"groupingId":"-str-extension"},{"extension":[{"url":"http://hl7.org/fhir/tools/StructureDefinition/resource-sort","valueInteger":999999999},{"url":"http://hl7.org/fhir/StructureDefinition/implementationguide-page","valueUri":"StructureDefinition-SegundoApellido.html"}],"reference":{"reference":"StructureDefinition/SegundoApellido"},"name":"Segundo Apellido","description":"Segundo Apellido","exampleBoolean":false,"groupingId":"-str-extension"},{"extension":[{"url":"http://hl7.org/fhir/tools/StructureDefinition/resource-sort","valueInteger":999999999},{"url":"http://hl7.org/fhir/StructureDefinition/implementationguide-page","valueUri":"StructureDefinition-SexoBiologico.html"}],"reference":{"reference":"StructureDefinition/SexoBiologico"},"name":"Sexo Biologico del paciente","description":"Sexo Biologico del paciente","exampleBoolean":false,"groupingId":"-str-extension"},{"extension":[{"url":"http://hl7.org/fhir/tools/StructureDefinition/resource-sort","valueInteger":999999999},{"url":"http://hl7.org/fhir/StructureDefinition/implementationguide-page","valueUri":"StructureDefinition-SexoRegistral.html"}],"reference":{"reference":"StructureDefinition/SexoRegistral"},"name":"Sexo Registral del paciente","description":"Sexo Registral del paciente","exampleBoolean":false,"groupingId":"-str-extension"},{"extension":[{"url":"http://hl7.org/fhir/tools/StructureDefinition/resource-sort","valueInteger":999999999},{"url":"http://hl7.org/fhir/StructureDefinition/implementationguide-page","valueUri":"StructureDefinition-ServicioSalud.html"}],"reference":{"reference":"StructureDefinition/ServicioSalud"},"name":"Sistema Nacional de Servicios de Salud","description":"Esta extensión incluye los códigos de los Servicios de Salud que existen en el país","exampleBoolean":false,"groupingId":"-str-extension"},{"extension":[{"url":"http://hl7.org/fhir/tools/StructureDefinition/resource-sort","valueInteger":999999999},{"url":"http://hl7.org/fhir/StructureDefinition/implementationguide-page","valueUri":"ValueSet-VSNombreCampana.html"}],"reference":{"reference":"ValueSet/VSNombreCampana"},"name":"Campañas de Vacunación","description":"Campañas de Inmunización utilizada en Chile según CodeSystem local","exampleBoolean":false,"groupingId":"-term-valueset"},{"extension":[{"url":"http://hl7.org/fhir/tools/StructureDefinition/resource-sort","valueInteger":999999999},{"url":"http://hl7.org/fhir/StructureDefinition/implementationguide-page","valueUri":"ValueSet-VSCodigoslenguaje.html"}],"reference":{"reference":"ValueSet/VSCodigoslenguaje"},"name":"Codigos Lenguaje","description":"Códigos de leguaje","exampleBoolean":false,"groupingId":"-term-valueset"},{"extension":[{"url":"http://hl7.org/fhir/tools/StructureDefinition/resource-sort","valueInteger":999999999},{"url":"http://hl7.org/fhir/StructureDefinition/implementationguide-page","valueUri":"ValueSet-VSContactosec.html"}],"reference":{"reference":"ValueSet/VSContactosec"},"name":"Contacto participantes","description":"Contacto telefónico o correo de los participantes","exampleBoolean":false,"groupingId":"-term-valueset"},{"extension":[{"url":"http://hl7.org/fhir/tools/StructureDefinition/resource-sort","valueInteger":999999999},{"url":"http://hl7.org/fhir/StructureDefinition/implementationguide-page","valueUri":"ValueSet-VSCodigosComunaCL.html"}],"reference":{"reference":"ValueSet/VSCodigosComunaCL"},"name":"Códigos de Comunas en Chile","description":"Códigos de Comunas para Chile según Códigos Únicos Territoriales Actualizados, por Decreto exento No 817 del Ministerio del Interior","exampleBoolean":false,"groupingId":"-term-valueset"},{"extension":[{"url":"http://hl7.org/fhir/tools/StructureDefinition/resource-sort","valueInteger":999999999},{"url":"http://hl7.org/fhir/StructureDefinition/implementationguide-page","valueUri":"ValueSet-VSEspecialidadesDeisCL.html"}],"reference":{"reference":"ValueSet/VSEspecialidadesDeisCL"},"name":"Códigos de Especialidades","description":"Códigos de especialidades médicas descritas según DEIS","exampleBoolean":false,"groupingId":"-term-valueset"},{"extension":[{"url":"http://hl7.org/fhir/tools/StructureDefinition/resource-sort","valueInteger":999999999},{"url":"http://hl7.org/fhir/StructureDefinition/implementationguide-page","valueUri":"ValueSet-CodPais.html"}],"reference":{"reference":"ValueSet/CodPais"},"name":"Códigos de Países","description":"Codigos definidos para la identificación de países segun norma ISO3166-N","exampleBoolean":false,"groupingId":"-term-valueset"},{"extension":[{"url":"http://hl7.org/fhir/tools/StructureDefinition/resource-sort","valueInteger":999999999},{"url":"http://hl7.org/fhir/StructureDefinition/implementationguide-page","valueUri":"ValueSet-VSCodigosProvinciasCL.html"}],"reference":{"reference":"ValueSet/VSCodigosProvinciasCL"},"name":"Códigos de Provincias en Chile","description":"Códigos de Provincias para Chile según Códigos Únicos Territoriales Actualizados, por Decreto exento No 817 del Ministerio del Interior","exampleBoolean":false,"groupingId":"-term-valueset"},{"extension":[{"url":"http://hl7.org/fhir/tools/StructureDefinition/resource-sort","valueInteger":999999999},{"url":"http://hl7.org/fhir/StructureDefinition/implementationguide-page","valueUri":"ValueSet-VSCodigosRegionesCL.html"}],"reference":{"reference":"ValueSet/VSCodigosRegionesCL"},"name":"Códigos de Regiones en Chile","description":"Códigos de Regiones para Chile según Códigos Únicos Territoriales Actualizados, por Decreto exento No 817 del Ministerio del Interior","exampleBoolean":false,"groupingId":"-term-valueset"},{"extension":[{"url":"http://hl7.org/fhir/tools/StructureDefinition/resource-sort","valueInteger":999999999},{"url":"http://hl7.org/fhir/StructureDefinition/implementationguide-page","valueUri":"ValueSet-VSCodMadurez.html"}],"reference":{"reference":"ValueSet/VSCodMadurez"},"name":"Códigos de grado de madurez del artefacto","description":"Códigos de grado de madurez del artefacto","exampleBoolean":false,"groupingId":"-term-valueset"},{"extension":[{"url":"http://hl7.org/fhir/tools/StructureDefinition/resource-sort","valueInteger":999999999},{"url":"http://hl7.org/fhir/StructureDefinition/implementationguide-page","valueUri":"ValueSet-VSDiagnosticosSCT.html"}],"reference":{"reference":"ValueSet/VSDiagnosticosSCT"},"name":"Diagnósticos SNOMED y Ausente o Desconocido","description":"Diagnósticos definidos en Snomed-CT.","exampleBoolean":false,"groupingId":"-term-valueset"},{"extension":[{"url":"http://hl7.org/fhir/tools/StructureDefinition/resource-sort","valueInteger":999999999},{"url":"http://hl7.org/fhir/StructureDefinition/implementationguide-page","valueUri":"ValueSet-VSIdentidaddeGenero.html"}],"reference":{"reference":"ValueSet/VSIdentidaddeGenero"},"name":"Identidad de Genero","description":"Identidad de Genero","exampleBoolean":false,"groupingId":"-term-valueset"},{"extension":[{"url":"http://hl7.org/fhir/tools/StructureDefinition/resource-sort","valueInteger":999999999},{"url":"http://hl7.org/fhir/StructureDefinition/implementationguide-page","valueUri":"ValueSet-VSIdentificadores.html"}],"reference":{"reference":"ValueSet/VSIdentificadores"},"name":"Identificadores","description":"Identificadores","exampleBoolean":false,"groupingId":"-term-valueset"},{"extension":[{"url":"http://hl7.org/fhir/tools/StructureDefinition/resource-sort","valueInteger":999999999},{"url":"http://hl7.org/fhir/StructureDefinition/implementationguide-page","valueUri":"ValueSet-VSRazonNOT.html"}],"reference":{"reference":"ValueSet/VSRazonNOT"},"name":"Razones no Atención Remota","description":"Razones por la que no se lleva a cabo un encuentro remoto según CodeSystem local","exampleBoolean":false,"groupingId":"-term-valueset"},{"extension":[{"url":"http://hl7.org/fhir/tools/StructureDefinition/resource-sort","valueInteger":999999999},{"url":"http://hl7.org/fhir/StructureDefinition/implementationguide-page","valueUri":"ValueSet-VSRazonNOTinm.html"}],"reference":{"reference":"ValueSet/VSRazonNOTinm"},"name":"Razones no Inmunización","description":"Razones por la que no se lleva a cabo la administración de una vacuna o registro de una inmunización según CodeSystem local","exampleBoolean":false,"groupingId":"-term-valueset"},{"extension":[{"url":"http://hl7.org/fhir/tools/StructureDefinition/resource-sort","valueInteger":999999999},{"url":"http://hl7.org/fhir/StructureDefinition/implementationguide-page","valueUri":"ValueSet-VSCodigosServiciosSalud.html"}],"reference":{"reference":"ValueSet/VSCodigosServiciosSalud"},"name":"Servicos de Salud en Chile","description":"Códigos de Servicios de Salud que existen en Chile","exampleBoolean":false,"groupingId":"-term-valueset"},{"extension":[{"url":"http://hl7.org/fhir/tools/StructureDefinition/resource-sort","valueInteger":999999999},{"url":"http://hl7.org/fhir/StructureDefinition/implementationguide-page","valueUri":"ValueSet-VSSexoListadoDeis.html"}],"reference":{"reference":"ValueSet/VSSexoListadoDeis"},"name":"Sexo Listado Deis","description":"Sexo Listado Deis","exampleBoolean":false,"groupingId":"-term-valueset"},{"extension":[{"url":"http://hl7.org/fhir/tools/StructureDefinition/resource-sort","valueInteger":999999999},{"url":"http://hl7.org/fhir/StructureDefinition/implementationguide-page","valueUri":"ValueSet-VSTipoIdentificador.html"}],"reference":{"reference":"ValueSet/VSTipoIdentificador"},"name":"Tipo Identificador","description":"Tipo Identificador","exampleBoolean":false,"groupingId":"-term-valueset"},{"extension":[{"url":"http://hl7.org/fhir/tools/StructureDefinition/resource-sort","valueInteger":999999999},{"url":"http://hl7.org/fhir/StructureDefinition/implementationguide-page","valueUri":"ValueSet-VSTiposDocumentos.html"}],"reference":{"reference":"ValueSet/VSTiposDocumentos"},"name":"Tipos de Documentos","description":"Tipos de Documentos para identificación según tabla HL7 V3 y CodeSystem local.","exampleBoolean":false,"groupingId":"-term-valueset"},{"extension":[{"url":"http://hl7.org/fhir/tools/StructureDefinition/resource-sort","valueInteger":999999999},{"url":"http://hl7.org/fhir/StructureDefinition/implementationguide-page","valueUri":"ValueSet-VSTiposDocClinic.html"}],"reference":{"reference":"ValueSet/VSTiposDocClinic"},"name":"Tipos de Documentos Clínicos","description":"Tipos de Documentos clínicos para Composition. Se trae todo Loinc, se requerirá un VS específico","exampleBoolean":false,"groupingId":"-term-valueset"},{"extension":[{"url":"http://hl7.org/fhir/tools/StructureDefinition/resource-sort","valueInteger":999999999},{"url":"http://hl7.org/fhir/StructureDefinition/implementationguide-page","valueUri":"ValueSet-VSTiposEncuentroCL.html"}],"reference":{"reference":"ValueSet/VSTiposEncuentroCL"},"name":"Tipos de Encuentro","description":"Códigos de Encuentros según MINSAL","exampleBoolean":false,"groupingId":"-term-valueset"},{"extension":[{"url":"http://hl7.org/fhir/tools/StructureDefinition/resource-sort","valueInteger":999999999},{"url":"http://hl7.org/fhir/StructureDefinition/implementationguide-page","valueUri":"ValueSet-VSTiposServicio.html"}],"reference":{"reference":"ValueSet/VSTiposServicio"},"name":"Tipos de Servicios Remotos","description":"Tipos de Servicios para encuentro remoto según CodeSystem local","exampleBoolean":false,"groupingId":"-term-valueset"},{"extension":[{"url":"http://hl7.org/fhir/tools/StructureDefinition/resource-sort","valueInteger":999999999},{"url":"http://hl7.org/fhir/StructureDefinition/implementationguide-page","valueUri":"ValueSet-VSTiposVacunas.html"}],"reference":{"reference":"ValueSet/VSTiposVacunas"},"name":"Tipos de Vacunas RNI","description":"Tipos de Vacunas utilizadas en Chile según CodeSystem local","exampleBoolean":false,"groupingId":"-term-valueset"},{"extension":[{"url":"http://hl7.org/fhir/tools/StructureDefinition/resource-sort","valueInteger":999999999},{"url":"http://hl7.org/fhir/StructureDefinition/implementationguide-page","valueUri":"CodeSystem-CSNombreCampana.html"}],"reference":{"reference":"CodeSystem/CSNombreCampana"},"name":"Campañas Inmunización","description":"Códigos de las campañas de vacunas o inmunizaciones según indicaciones del Ministerio de Salud","exampleBoolean":false,"groupingId":"-term-codesystem"},{"extension":[{"url":"http://hl7.org/fhir/tools/StructureDefinition/resource-sort","valueInteger":999999999},{"url":"http://hl7.org/fhir/StructureDefinition/implementationguide-page","valueUri":"CodeSystem-CSCodigoslenguaje.html"}],"reference":{"reference":"CodeSystem/CSCodigoslenguaje"},"name":"Codigos Lenguaje","description":"Codigoslenguaje","exampleBoolean":false,"groupingId":"-term-codesystem"},{"extension":[{"url":"http://hl7.org/fhir/tools/StructureDefinition/resource-sort","valueInteger":999999999},{"url":"http://hl7.org/fhir/StructureDefinition/implementationguide-page","valueUri":"CodeSystem-CSCodComunasCL.html"}],"reference":{"reference":"CodeSystem/CSCodComunasCL"},"name":"Códigos de Comunas en Chile","description":"Códigos de Comunas para Chile según Códigos Únicos Territoriales Actualizados, por Decreto exento No 817 del Ministerio del Interior","exampleBoolean":false,"groupingId":"-term-codesystem"},{"extension":[{"url":"http://hl7.org/fhir/tools/StructureDefinition/resource-sort","valueInteger":999999999},{"url":"http://hl7.org/fhir/StructureDefinition/implementationguide-page","valueUri":"CodeSystem-CSCodigoDNI.html"}],"reference":{"reference":"CodeSystem/CSCodigoDNI"},"name":"Códigos de Documentos DNI para LATAM y el Caribe","description":"Códigos para los DNI de países de America Latina y el Caribe según indicaciones de VS HL7 de V3","exampleBoolean":false,"groupingId":"-term-codesystem"},{"extension":[{"url":"http://hl7.org/fhir/tools/StructureDefinition/resource-sort","valueInteger":999999999},{"url":"http://hl7.org/fhir/StructureDefinition/implementationguide-page","valueUri":"CodeSystem-CSEspecialidadesDeisCL.html"}],"reference":{"reference":"CodeSystem/CSEspecialidadesDeisCL"},"name":"Códigos de Especialidades","description":"Códigos de especialidades médicas descritas según DEIS","exampleBoolean":false,"groupingId":"-term-codesystem"},{"extension":[{"url":"http://hl7.org/fhir/tools/StructureDefinition/resource-sort","valueInteger":999999999},{"url":"http://hl7.org/fhir/StructureDefinition/implementationguide-page","valueUri":"CodeSystem-CodPais.html"}],"reference":{"reference":"CodeSystem/CodPais"},"name":"Códigos de Países","description":"Codigos definidos para la identificación de países segun norma ISO3166-N","exampleBoolean":false,"groupingId":"-term-codesystem"},{"extension":[{"url":"http://hl7.org/fhir/tools/StructureDefinition/resource-sort","valueInteger":999999999},{"url":"http://hl7.org/fhir/StructureDefinition/implementationguide-page","valueUri":"CodeSystem-CSCodProvinciasCL.html"}],"reference":{"reference":"CodeSystem/CSCodProvinciasCL"},"name":"Códigos de Provincias en Chile","description":"Códigos de Provincias para Chile según Códigos Únicos Territoriales Actualizados, por Decreto exento No 817 del Ministerio del Interior","exampleBoolean":false,"groupingId":"-term-codesystem"},{"extension":[{"url":"http://hl7.org/fhir/tools/StructureDefinition/resource-sort","valueInteger":999999999},{"url":"http://hl7.org/fhir/StructureDefinition/implementationguide-page","valueUri":"CodeSystem-CSCodRegionCL.html"}],"reference":{"reference":"CodeSystem/CSCodRegionCL"},"name":"Códigos de Regiones en Chile","description":"Códigos de Regiones para Chile según Códigos Únicos Territoriales Actualizados, por Decreto exento No 817 del Ministerio del Interior","exampleBoolean":false,"groupingId":"-term-codesystem"},{"extension":[{"url":"http://hl7.org/fhir/tools/StructureDefinition/resource-sort","valueInteger":999999999},{"url":"http://hl7.org/fhir/StructureDefinition/implementationguide-page","valueUri":"CodeSystem-CSCodigoVacunas.html"}],"reference":{"reference":"CodeSystem/CSCodigoVacunas"},"name":"Códigos de Vacunas RNI","description":"Códigos de las vacunas o inmunizaciones según indicaciones del Ministerio de Salud","exampleBoolean":false,"groupingId":"-term-codesystem"},{"extension":[{"url":"http://hl7.org/fhir/tools/StructureDefinition/resource-sort","valueInteger":999999999},{"url":"http://hl7.org/fhir/StructureDefinition/implementationguide-page","valueUri":"CodeSystem-CSCodMadurez.html"}],"reference":{"reference":"CodeSystem/CSCodMadurez"},"name":"Códigos de grado de madurez del artefacto","description":"Códigos de grado de madurez del artefacto","exampleBoolean":false,"groupingId":"-term-codesystem"},{"extension":[{"url":"http://hl7.org/fhir/tools/StructureDefinition/resource-sort","valueInteger":999999999},{"url":"http://hl7.org/fhir/StructureDefinition/implementationguide-page","valueUri":"CodeSystem-CSIdentidaddeGenero.html"}],"reference":{"reference":"CodeSystem/CSIdentidaddeGenero"},"name":"Identidad de Genero","description":"Identidad de Genero","exampleBoolean":false,"groupingId":"-term-codesystem"},{"extension":[{"url":"http://hl7.org/fhir/tools/StructureDefinition/resource-sort","valueInteger":999999999},{"url":"http://hl7.org/fhir/StructureDefinition/implementationguide-page","valueUri":"CodeSystem-CSIdentificadores.html"}],"reference":{"reference":"CodeSystem/CSIdentificadores"},"name":"Identificadores","description":"Identificadores","exampleBoolean":false,"groupingId":"-term-codesystem"},{"extension":[{"url":"http://hl7.org/fhir/tools/StructureDefinition/resource-sort","valueInteger":999999999},{"url":"http://hl7.org/fhir/StructureDefinition/implementationguide-page","valueUri":"CodeSystem-CSRazonNOT.html"}],"reference":{"reference":"CodeSystem/CSRazonNOT"},"name":"Razones Cancelación Atención Remota","description":"Códigos de las razones por la cual un encuentro remoto no pudo realizarse según indicaciones del Ministerio de Salud","exampleBoolean":false,"groupingId":"-term-codesystem"},{"extension":[{"url":"http://hl7.org/fhir/tools/StructureDefinition/resource-sort","valueInteger":999999999},{"url":"http://hl7.org/fhir/StructureDefinition/implementationguide-page","valueUri":"CodeSystem-CSRazonNOTinm.html"}],"reference":{"reference":"CodeSystem/CSRazonNOTinm"},"name":"Razones no Inmunización","description":"Códigos de las razones por la cual el registro de inmunización no pudo realizarse según indicaciones del Ministerio de Salud","exampleBoolean":false,"groupingId":"-term-codesystem"},{"extension":[{"url":"http://hl7.org/fhir/tools/StructureDefinition/resource-sort","valueInteger":999999999},{"url":"http://hl7.org/fhir/StructureDefinition/implementationguide-page","valueUri":"CodeSystem-csrazonnoencuentro.html"}],"reference":{"reference":"CodeSystem/csrazonnoencuentro"},"name":"Razón Encuentro Remoto no Realizado","description":"Códigos de las razones por la cual un encuentro remoto no pudo realizarse según indicaciones del Ministerio de Salud","exampleBoolean":false,"groupingId":"-term-codesystem"},{"extension":[{"url":"http://hl7.org/fhir/tools/StructureDefinition/resource-sort","valueInteger":999999999},{"url":"http://hl7.org/fhir/StructureDefinition/implementationguide-page","valueUri":"CodeSystem-CSCodSSalud.html"}],"reference":{"reference":"CodeSystem/CSCodSSalud"},"name":"Servicios de Salud Chile","description":"Códigos del Sistema Nacional de Servicios de Salud","exampleBoolean":false,"groupingId":"-term-codesystem"},{"extension":[{"url":"http://hl7.org/fhir/tools/StructureDefinition/resource-sort","valueInteger":999999999},{"url":"http://hl7.org/fhir/StructureDefinition/implementationguide-page","valueUri":"CodeSystem-CSSexoListadoDeis.html"}],"reference":{"reference":"CodeSystem/CSSexoListadoDeis"},"name":"Sexo Listado Deis","description":"Sexo Listado Deis","exampleBoolean":false,"groupingId":"-term-codesystem"},{"extension":[{"url":"http://hl7.org/fhir/tools/StructureDefinition/resource-sort","valueInteger":999999999},{"url":"http://hl7.org/fhir/StructureDefinition/implementationguide-page","valueUri":"CodeSystem-CSTipoIdentificador.html"}],"reference":{"reference":"CodeSystem/CSTipoIdentificador"},"name":"Tipo Identificador","description":"Tipo Identificador","exampleBoolean":false,"groupingId":"-term-codesystem"},{"extension":[{"url":"http://hl7.org/fhir/tools/StructureDefinition/resource-sort","valueInteger":999999999},{"url":"http://hl7.org/fhir/StructureDefinition/implementationguide-page","valueUri":"CodeSystem-CSTiposEncuentroCL.html"}],"reference":{"reference":"CodeSystem/CSTiposEncuentroCL"},"name":"Tipos de Encuentro","description":"Códigos de Encuentros según MINSAL","exampleBoolean":false,"groupingId":"-term-codesystem"},{"extension":[{"url":"http://hl7.org/fhir/tools/StructureDefinition/resource-sort","valueInteger":999999999},{"url":"http://hl7.org/fhir/StructureDefinition/implementationguide-page","valueUri":"CodeSystem-CSCodigoServicio.html"}],"reference":{"reference":"CodeSystem/CSCodigoServicio"},"name":"Tipos de Servicios Remotos","description":"Códigos para los Servicios realizados en un encuentro remoto según indicaciones del Ministerio de Salud","exampleBoolean":false,"groupingId":"-term-codesystem"},{"extension":[{"url":"http://hl7.org/fhir/tools/StructureDefinition/resource-sort","valueInteger":999999999},{"url":"http://hl7.org/fhir/StructureDefinition/implementationguide-page","valueUri":"Location-LocalizacionEjemploCL1.html"}],"reference":{"reference":"Location/LocalizacionEjemploCL1"},"name":"Ejemplo de  Localización Farmacia","description":"Ejemplo de la localización relacionada con una Farmacia específica ubicada en la comuna de Viña del Mar","exampleCanonical":"https://hl7chile.cl/fhir/ig/clcore/StructureDefinition/CoreLocalizacionCl","groupingId":"-ex-example"},{"extension":[{"url":"http://hl7.org/fhir/tools/StructureDefinition/resource-sort","valueInteger":999999999},{"url":"http://hl7.org/fhir/StructureDefinition/implementationguide-page","valueUri":"Composition-CompositionClEj.html"}],"reference":{"reference":"Composition/CompositionClEj"},"name":"Ejemplo de Documento Clínico","description":"Ejemplo de documento para resumen de historia clínica","exampleCanonical":"https://hl7chile.cl/fhir/ig/clcore/StructureDefinition/DocumentoCl","groupingId":"-ex-example"},{"extension":[{"url":"http://hl7.org/fhir/tools/StructureDefinition/resource-sort","valueInteger":999999999},{"url":"http://hl7.org/fhir/StructureDefinition/implementationguide-page","valueUri":"Encounter-EncounterCL.html"}],"reference":{"reference":"Encounter/EncounterCL"},"name":"Ejemplo de Recurso Encuentro","description":"Encuentro remoto ficticio del paciente","exampleCanonical":"https://hl7chile.cl/fhir/ig/clcore/StructureDefinition/EncounterCL","groupingId":"-ex-example"},{"extension":[{"url":"http://hl7.org/fhir/tools/StructureDefinition/resource-sort","valueInteger":999999999},{"url":"http://hl7.org/fhir/StructureDefinition/implementationguide-page","valueUri":"Immunization-ImmunizationCL.html"}],"reference":{"reference":"Immunization/ImmunizationCL"},"name":"Ejemplo de Recurso Inmunización","description":"Registro de inmunización ficticio","exampleCanonical":"https://hl7chile.cl/fhir/ig/clcore/StructureDefinition/ImmunizationCL","groupingId":"-ex-example"},{"extension":[{"url":"http://hl7.org/fhir/tools/StructureDefinition/resource-sort","valueInteger":999999999},{"url":"http://hl7.org/fhir/StructureDefinition/implementationguide-page","valueUri":"Patient-PacienteCL2.html"}],"reference":{"reference":"Patient/PacienteCL2"},"name":"Ejemplo de Recurso Paciente Extranjero","description":"Paciente ficticio extrangero, con identificación Pasaporte de origen Salvadoreño sin sistema real de validación del número de Pasaporte.","exampleCanonical":"https://hl7chile.cl/fhir/ig/clcore/StructureDefinition/CorePacienteCl","groupingId":"-ex-example"},{"extension":[{"url":"http://hl7.org/fhir/tools/StructureDefinition/resource-sort","valueInteger":999999999},{"url":"http://hl7.org/fhir/StructureDefinition/implementationguide-page","valueUri":"Patient-PacienteCL.html"}],"reference":{"reference":"Patient/PacienteCL"},"name":"Ejemplo de Recurso Paciente Nacional","description":"Paciente ficticio nacional CI Chilena, sin sistema de validación \"http://regcivil.cl/Validacion/RUN\" ficticio , cuyo nombre se decribe mediante el oficial y uno social. La dirección tampoco es Real","exampleCanonical":"https://hl7chile.cl/fhir/ig/clcore/StructureDefinition/CorePacienteCl","groupingId":"-ex-example"},{"extension":[{"url":"http://hl7.org/fhir/tools/StructureDefinition/resource-sort","valueInteger":999999999},{"url":"http://hl7.org/fhir/StructureDefinition/implementationguide-page","valueUri":"Patient-PacienteCl-4.html"}],"reference":{"reference":"Patient/PacienteCl-4"},"name":"Ejemplo de Recurso de paciente Nacional con contacto declarado","description":"Paciente ficticio nacional CI Chilena, \n     * sin sistema de validación \\\"http://regcivil.cl/Validacion/RUN\\\" ficticio , \n     * cuyo nombre se decribe mediante el oficial y uno social. \n     * La dirección tampoco es Real.\n     * Se agrega al paciente un acompañante patiente.","exampleCanonical":"https://hl7chile.cl/fhir/ig/clcore/StructureDefinition/CorePacienteCl","groupingId":"-ex-example"},{"extension":[{"url":"http://hl7.org/fhir/tools/StructureDefinition/resource-sort","valueInteger":999999999},{"url":"http://hl7.org/fhir/StructureDefinition/implementationguide-page","valueUri":"Patient-PacienteCl-5.html"}],"reference":{"reference":"Patient/PacienteCl-5"},"name":"Ejemplo de Recurso de paciente Nacional con contacto declarado y extensión en dirección","description":"Paciente ficticio nacional CI Chilena, \n     * sin sistema de validación \\\"http://regcivil.cl/Validacion/RUN\\\" ficticio , \n     * cuyo nombre se decribe mediante el oficial y uno social. \n     * La dirección tampoco es Real.\n     * Se agrega al paciente un acompañante patiente\n     * La dirección se declara con códigos por extensión.","exampleCanonical":"https://hl7chile.cl/fhir/ig/clcore/StructureDefinition/CorePacienteCl","groupingId":"-ex-example"},{"extension":[{"url":"http://hl7.org/fhir/tools/StructureDefinition/resource-sort","valueInteger":999999999},{"url":"http://hl7.org/fhir/StructureDefinition/implementationguide-page","valueUri":"Condition-DiagnosticoEj.html"}],"reference":{"reference":"Condition/DiagnosticoEj"},"name":"Ejemplo de Un Diagnóstico de hipertensión","description":"Diagnóstico Confirmado de Hipertesión","exampleCanonical":"https://hl7chile.cl/fhir/ig/clcore/StructureDefinition/CoreDiagnosticoCl","groupingId":"-ex-example"},{"extension":[{"url":"http://hl7.org/fhir/tools/StructureDefinition/resource-sort","valueInteger":999999999},{"url":"http://hl7.org/fhir/StructureDefinition/implementationguide-page","valueUri":"AuditEvent-AuditEventEx.html"}],"reference":{"reference":"AuditEvent/AuditEventEx"},"name":"Ejemplo de un Audit-Event Search.","description":"Log de Audición de una operacion Search.","exampleCanonical":"https://hl7chile.cl/fhir/ig/clcore/StructureDefinition/AuditEventCl","groupingId":"-ex-example"},{"extension":[{"url":"http://hl7.org/fhir/tools/StructureDefinition/resource-sort","valueInteger":999999999},{"url":"http://hl7.org/fhir/StructureDefinition/implementationguide-page","valueUri":"Patient-PacienteCl-3.html"}],"reference":{"reference":"Patient/PacienteCl-3"},"name":"Paciente Nacional, con datos actualizados, declarando nacionalidad","description":"Paciente ficticio nacional CI Chilena con sistema de validación no real, cuyo nombre es solo el oficial. La dirección tampoco es Real","exampleCanonical":"https://hl7chile.cl/fhir/ig/clcore/StructureDefinition/CorePacienteCl","groupingId":"-ex-example"}],"page":{"extension":[{"url":"http://hl7.org/fhir/tools/StructureDefinition/ig-page-name","valueUrl":"toc.html"}],"nameUrl":"toc.html","title":"Table of Contents","generation":"html","page":[{"extension":[{"url":"http://hl7.org/fhir/tools/StructureDefinition/ig-page-name","valueUrl":"index.html"}],"nameUrl":"index.html","title":"Inicio","generation":"markdown"},{"extension":[{"url":"http://hl7.org/fhir/tools/StructureDefinition/ig-page-name","valueUrl":"Alcances-Objetivos.html"}],"nameUrl":"Alcances-Objetivos.html","title":"Objetivos","generation":"markdown"},{"extension":[{"url":"http://hl7.org/fhir/tools/StructureDefinition/ig-page-name","valueUrl":"Aspectos-Generales.html"}],"nameUrl":"Aspectos-Generales.html","title":"Generalidades","generation":"markdown"},{"extension":[{"url":"http://hl7.org/fhir/tools/StructureDefinition/ig-page-name","valueUrl":"Extensiones.html"}],"nameUrl":"Extensiones.html","title":"Extensiones","generation":"markdown"},{"extension":[{"url":"http://hl7.org/fhir/tools/StructureDefinition/ig-page-name","valueUrl":"Set-De-Validacion-ValueSets.html"}],"nameUrl":"Set-De-Validacion-ValueSets.html","title":"CodeSystems/ValueSets","generation":"markdown"},{"extension":[{"url":"http://hl7.org/fhir/tools/StructureDefinition/ig-page-name","valueUrl":"Perfiles.html"}],"nameUrl":"Perfiles.html","title":"Perfiles","generation":"markdown"},{"extension":[{"url":"http://hl7.org/fhir/tools/StructureDefinition/ig-page-name","valueUrl":"changes.html"}],"nameUrl":"changes.html","title":"Historial de Cambios","generation":"markdown"},{"extension":[{"url":"http://hl7.org/fhir/tools/StructureDefinition/ig-page-name","valueUrl":"artifacts.html"}],"nameUrl":"artifacts.html","title":"Artifacts Summary","generation":"html","page":[{"extension":[{"url":"http://hl7.org/fhir/tools/StructureDefinition/ig-page-name","valueUrl":"StructureDefinition-AuditEventCl.html"}],"nameUrl":"StructureDefinition-AuditEventCl.html","title":"CL Auditoria","generation":"generated"},{"extension":[{"url":"http://hl7.org/fhir/tools/StructureDefinition/ig-page-name","valueUrl":"StructureDefinition-CoreDiagnosticoCl.html"}],"nameUrl":"StructureDefinition-CoreDiagnosticoCl.html","title":"CL Condición-Diagnóstico","generation":"generated"},{"extension":[{"url":"http://hl7.org/fhir/tools/StructureDefinition/ig-page-name","valueUrl":"StructureDefinition-DocumentoCl.html"}],"nameUrl":"StructureDefinition-DocumentoCl.html","title":"CL Documento","generation":"generated"},{"extension":[{"url":"http://hl7.org/fhir/tools/StructureDefinition/ig-page-name","valueUrl":"StructureDefinition-ImmunizationCL.html"}],"nameUrl":"StructureDefinition-ImmunizationCL.html","title":"CL Inmunización","generation":"generated"},{"extension":[{"url":"http://hl7.org/fhir/tools/StructureDefinition/ig-page-name","valueUrl":"StructureDefinition-CoreLocalizacionCl.html"}],"nameUrl":"StructureDefinition-CoreLocalizacionCl.html","title":"CL Localización","generation":"generated"},{"extension":[{"url":"http://hl7.org/fhir/tools/StructureDefinition/ig-page-name","valueUrl":"StructureDefinition-CoreMedicamentoCl.html"}],"nameUrl":"StructureDefinition-CoreMedicamentoCl.html","title":"CL Medicamento","generation":"generated"},{"extension":[{"url":"http://hl7.org/fhir/tools/StructureDefinition/ig-page-name","valueUrl":"StructureDefinition-CoreOrganizacionCl.html"}],"nameUrl":"StructureDefinition-CoreOrganizacionCl.html","title":"CL Organización","generation":"generated"},{"extension":[{"url":"http://hl7.org/fhir/tools/StructureDefinition/ig-page-name","valueUrl":"StructureDefinition-CorePacienteCl.html"}],"nameUrl":"StructureDefinition-CorePacienteCl.html","title":"CL Paciente","generation":"generated"},{"extension":[{"url":"http://hl7.org/fhir/tools/StructureDefinition/ig-page-name","valueUrl":"StructureDefinition-CorePrestadorCl.html"}],"nameUrl":"StructureDefinition-CorePrestadorCl.html","title":"CL Prestador","generation":"generated"},{"extension":[{"url":"http://hl7.org/fhir/tools/StructureDefinition/ig-page-name","valueUrl":"StructureDefinition-ProvenanceCl.html"}],"nameUrl":"StructureDefinition-ProvenanceCl.html","title":"CL Provenance","generation":"generated"},{"extension":[{"url":"http://hl7.org/fhir/tools/StructureDefinition/ig-page-name","valueUrl":"StructureDefinition-CoreRolClinicoCl.html"}],"nameUrl":"StructureDefinition-CoreRolClinicoCl.html","title":"CL RolClinico","generation":"generated"},{"extension":[{"url":"http://hl7.org/fhir/tools/StructureDefinition/ig-page-name","valueUrl":"StructureDefinition-EncounterCL.html"}],"nameUrl":"StructureDefinition-EncounterCL.html","title":"Encuentro Clínico","generation":"generated"},{"extension":[{"url":"http://hl7.org/fhir/tools/StructureDefinition/ig-page-name","valueUrl":"StructureDefinition-cl-address.html"}],"nameUrl":"StructureDefinition-cl-address.html","title":"CL Address","generation":"generated"},{"extension":[{"url":"http://hl7.org/fhir/tools/StructureDefinition/ig-page-name","valueUrl":"StructureDefinition-CodigoPaises.html"}],"nameUrl":"StructureDefinition-CodigoPaises.html","title":"Codigo de Identificación de países","generation":"generated"},{"extension":[{"url":"http://hl7.org/fhir/tools/StructureDefinition/ig-page-name","valueUrl":"StructureDefinition-ContactoParticipantes.html"}],"nameUrl":"StructureDefinition-ContactoParticipantes.html","title":"Contacto de los participantes secundarios del encuentro","generation":"generated"},{"extension":[{"url":"http://hl7.org/fhir/tools/StructureDefinition/ig-page-name","valueUrl":"StructureDefinition-RazonNOrealizarse.html"}],"nameUrl":"StructureDefinition-RazonNOrealizarse.html","title":"Código de las razones por la cual no se pudo realizar la atención","generation":"generated"},{"extension":[{"url":"http://hl7.org/fhir/tools/StructureDefinition/ig-page-name","valueUrl":"StructureDefinition-TiposVacunaRNI.html"}],"nameUrl":"StructureDefinition-TiposVacunaRNI.html","title":"Código de tipos de Vacunas en Chile","generation":"generated"},{"extension":[{"url":"http://hl7.org/fhir/tools/StructureDefinition/ig-page-name","valueUrl":"StructureDefinition-ComunasCl.html"}],"nameUrl":"StructureDefinition-ComunasCl.html","title":"Códigos para Comunas en Chile","generation":"generated"},{"extension":[{"url":"http://hl7.org/fhir/tools/StructureDefinition/ig-page-name","valueUrl":"StructureDefinition-ProvinciasCl.html"}],"nameUrl":"StructureDefinition-ProvinciasCl.html","title":"Códigos para Provincias en Chile","generation":"generated"},{"extension":[{"url":"http://hl7.org/fhir/tools/StructureDefinition/ig-page-name","valueUrl":"StructureDefinition-RegionesCl.html"}],"nameUrl":"StructureDefinition-RegionesCl.html","title":"Códigos para Regiones en Chile","generation":"generated"},{"extension":[{"url":"http://hl7.org/fhir/tools/StructureDefinition/ig-page-name","valueUrl":"StructureDefinition-VSEspecialidadesDeisCL.html"}],"nameUrl":"StructureDefinition-VSEspecialidadesDeisCL.html","title":"Especialidad del médico principal","generation":"generated"},{"extension":[{"url":"http://hl7.org/fhir/tools/StructureDefinition/ig-page-name","valueUrl":"StructureDefinition-IdentidadDeGenero.html"}],"nameUrl":"StructureDefinition-IdentidadDeGenero.html","title":"Identidad De Genero","generation":"generated"},{"extension":[{"url":"http://hl7.org/fhir/tools/StructureDefinition/ig-page-name","valueUrl":"StructureDefinition-IdContacto.html"}],"nameUrl":"StructureDefinition-IdContacto.html","title":"Identificación del Contacto de un Paciente","generation":"generated"},{"extension":[{"url":"http://hl7.org/fhir/tools/StructureDefinition/ig-page-name","valueUrl":"StructureDefinition-NombreCampana.html"}],"nameUrl":"StructureDefinition-NombreCampana.html","title":"Nombre de la Campaña de vacunación establecida por el RNI (Registro Nacional de Inmunizaciones)","generation":"generated"},{"extension":[{"url":"http://hl7.org/fhir/tools/StructureDefinition/ig-page-name","valueUrl":"StructureDefinition-NotasEncuentro.html"}],"nameUrl":"StructureDefinition-NotasEncuentro.html","title":"Notas realizadas en un encuentro por Comité","generation":"generated"},{"extension":[{"url":"http://hl7.org/fhir/tools/StructureDefinition/ig-page-name","valueUrl":"StructureDefinition-ObservacionesDiagnostico.html"}],"nameUrl":"StructureDefinition-ObservacionesDiagnostico.html","title":"Observaciones o comentarios simples respecto a un diagnóstico","generation":"generated"},{"extension":[{"url":"http://hl7.org/fhir/tools/StructureDefinition/ig-page-name","valueUrl":"StructureDefinition-RazonNOrealizarseInm.html"}],"nameUrl":"StructureDefinition-RazonNOrealizarseInm.html","title":"Razones por las cuales no se pudo realizar la inmunización","generation":"generated"},{"extension":[{"url":"http://hl7.org/fhir/tools/StructureDefinition/ig-page-name","valueUrl":"StructureDefinition-SegundoApellido.html"}],"nameUrl":"StructureDefinition-SegundoApellido.html","title":"Segundo Apellido","generation":"generated"},{"extension":[{"url":"http://hl7.org/fhir/tools/StructureDefinition/ig-page-name","valueUrl":"StructureDefinition-SexoBiologico.html"}],"nameUrl":"StructureDefinition-SexoBiologico.html","title":"Sexo Biologico del paciente","generation":"generated"},{"extension":[{"url":"http://hl7.org/fhir/tools/StructureDefinition/ig-page-name","valueUrl":"StructureDefinition-SexoRegistral.html"}],"nameUrl":"StructureDefinition-SexoRegistral.html","title":"Sexo Registral del paciente","generation":"generated"},{"extension":[{"url":"http://hl7.org/fhir/tools/StructureDefinition/ig-page-name","valueUrl":"StructureDefinition-ServicioSalud.html"}],"nameUrl":"StructureDefinition-ServicioSalud.html","title":"Sistema Nacional de Servicios de Salud","generation":"generated"},{"extension":[{"url":"http://hl7.org/fhir/tools/StructureDefinition/ig-page-name","valueUrl":"ValueSet-VSNombreCampana.html"}],"nameUrl":"ValueSet-VSNombreCampana.html","title":"Campañas de Vacunación","generation":"generated"},{"extension":[{"url":"http://hl7.org/fhir/tools/StructureDefinition/ig-page-name","valueUrl":"ValueSet-VSCodigoslenguaje.html"}],"nameUrl":"ValueSet-VSCodigoslenguaje.html","title":"Codigos Lenguaje","generation":"generated"},{"extension":[{"url":"http://hl7.org/fhir/tools/StructureDefinition/ig-page-name","valueUrl":"ValueSet-VSContactosec.html"}],"nameUrl":"ValueSet-VSContactosec.html","title":"Contacto participantes","generation":"generated"},{"extension":[{"url":"http://hl7.org/fhir/tools/StructureDefinition/ig-page-name","valueUrl":"ValueSet-VSCodigosComunaCL.html"}],"nameUrl":"ValueSet-VSCodigosComunaCL.html","title":"Códigos de Comunas en Chile","generation":"generated"},{"extension":[{"url":"http://hl7.org/fhir/tools/StructureDefinition/ig-page-name","valueUrl":"ValueSet-VSEspecialidadesDeisCL.html"}],"nameUrl":"ValueSet-VSEspecialidadesDeisCL.html","title":"Códigos de Especialidades","generation":"generated"},{"extension":[{"url":"http://hl7.org/fhir/tools/StructureDefinition/ig-page-name","valueUrl":"ValueSet-VSCodMadurez.html"}],"nameUrl":"ValueSet-VSCodMadurez.html","title":"Códigos de grado de madurez del artefacto","generation":"generated"},{"extension":[{"url":"http://hl7.org/fhir/tools/StructureDefinition/ig-page-name","valueUrl":"ValueSet-CodPais.html"}],"nameUrl":"ValueSet-CodPais.html","title":"Códigos de Países","generation":"generated"},{"extension":[{"url":"http://hl7.org/fhir/tools/StructureDefinition/ig-page-name","valueUrl":"ValueSet-VSCodigosProvinciasCL.html"}],"nameUrl":"ValueSet-VSCodigosProvinciasCL.html","title":"Códigos de Provincias en Chile","generation":"generated"},{"extension":[{"url":"http://hl7.org/fhir/tools/StructureDefinition/ig-page-name","valueUrl":"ValueSet-VSCodigosRegionesCL.html"}],"nameUrl":"ValueSet-VSCodigosRegionesCL.html","title":"Códigos de Regiones en Chile","generation":"generated"},{"extension":[{"url":"http://hl7.org/fhir/tools/StructureDefinition/ig-page-name","valueUrl":"ValueSet-VSDiagnosticosSCT.html"}],"nameUrl":"ValueSet-VSDiagnosticosSCT.html","title":"Diagnósticos SNOMED y Ausente o Desconocido","generation":"generated"},{"extension":[{"url":"http://hl7.org/fhir/tools/StructureDefinition/ig-page-name","valueUrl":"ValueSet-VSIdentidaddeGenero.html"}],"nameUrl":"ValueSet-VSIdentidaddeGenero.html","title":"Identidad de Genero","generation":"generated"},{"extension":[{"url":"http://hl7.org/fhir/tools/StructureDefinition/ig-page-name","valueUrl":"ValueSet-VSIdentificadores.html"}],"nameUrl":"ValueSet-VSIdentificadores.html","title":"Identificadores","generation":"generated"},{"extension":[{"url":"http://hl7.org/fhir/tools/StructureDefinition/ig-page-name","valueUrl":"ValueSet-VSRazonNOT.html"}],"nameUrl":"ValueSet-VSRazonNOT.html","title":"Razones no Atención Remota","generation":"generated"},{"extension":[{"url":"http://hl7.org/fhir/tools/StructureDefinition/ig-page-name","valueUrl":"ValueSet-VSRazonNOTinm.html"}],"nameUrl":"ValueSet-VSRazonNOTinm.html","title":"Razones no Inmunización","generation":"generated"},{"extension":[{"url":"http://hl7.org/fhir/tools/StructureDefinition/ig-page-name","valueUrl":"ValueSet-VSCodigosServiciosSalud.html"}],"nameUrl":"ValueSet-VSCodigosServiciosSalud.html","title":"Servicos de Salud en Chile","generation":"generated"},{"extension":[{"url":"http://hl7.org/fhir/tools/StructureDefinition/ig-page-name","valueUrl":"ValueSet-VSSexoListadoDeis.html"}],"nameUrl":"ValueSet-VSSexoListadoDeis.html","title":"Sexo Listado Deis","generation":"generated"},{"extension":[{"url":"http://hl7.org/fhir/tools/StructureDefinition/ig-page-name","valueUrl":"ValueSet-VSTipoIdentificador.html"}],"nameUrl":"ValueSet-VSTipoIdentificador.html","title":"Tipo Identificador","generation":"generated"},{"extension":[{"url":"http://hl7.org/fhir/tools/StructureDefinition/ig-page-name","valueUrl":"ValueSet-VSTiposDocumentos.html"}],"nameUrl":"ValueSet-VSTiposDocumentos.html","title":"Tipos de Documentos","generation":"generated"},{"extension":[{"url":"http://hl7.org/fhir/tools/StructureDefinition/ig-page-name","valueUrl":"ValueSet-VSTiposDocClinic.html"}],"nameUrl":"ValueSet-VSTiposDocClinic.html","title":"Tipos de Documentos Clínicos","generation":"generated"},{"extension":[{"url":"http://hl7.org/fhir/tools/StructureDefinition/ig-page-name","valueUrl":"ValueSet-VSTiposEncuentroCL.html"}],"nameUrl":"ValueSet-VSTiposEncuentroCL.html","title":"Tipos de Encuentro","generation":"generated"},{"extension":[{"url":"http://hl7.org/fhir/tools/StructureDefinition/ig-page-name","valueUrl":"ValueSet-VSTiposServicio.html"}],"nameUrl":"ValueSet-VSTiposServicio.html","title":"Tipos de Servicios Remotos","generation":"generated"},{"extension":[{"url":"http://hl7.org/fhir/tools/StructureDefinition/ig-page-name","valueUrl":"ValueSet-VSTiposVacunas.html"}],"nameUrl":"ValueSet-VSTiposVacunas.html","title":"Tipos de Vacunas RNI","generation":"generated"},{"extension":[{"url":"http://hl7.org/fhir/tools/StructureDefinition/ig-page-name","valueUrl":"CodeSystem-CSNombreCampana.html"}],"nameUrl":"CodeSystem-CSNombreCampana.html","title":"Campañas Inmunización","generation":"generated"},{"extension":[{"url":"http://hl7.org/fhir/tools/StructureDefinition/ig-page-name","valueUrl":"CodeSystem-CSCodigoslenguaje.html"}],"nameUrl":"CodeSystem-CSCodigoslenguaje.html","title":"Codigos Lenguaje","generation":"generated"},{"extension":[{"url":"http://hl7.org/fhir/tools/StructureDefinition/ig-page-name","valueUrl":"CodeSystem-CSCodComunasCL.html"}],"nameUrl":"CodeSystem-CSCodComunasCL.html","title":"Códigos de Comunas en Chile","generation":"generated"},{"extension":[{"url":"http://hl7.org/fhir/tools/StructureDefinition/ig-page-name","valueUrl":"CodeSystem-CSCodigoDNI.html"}],"nameUrl":"CodeSystem-CSCodigoDNI.html","title":"Códigos de Documentos DNI para LATAM y el Caribe","generation":"generated"},{"extension":[{"url":"http://hl7.org/fhir/tools/StructureDefinition/ig-page-name","valueUrl":"CodeSystem-CSEspecialidadesDeisCL.html"}],"nameUrl":"CodeSystem-CSEspecialidadesDeisCL.html","title":"Códigos de Especialidades","generation":"generated"},{"extension":[{"url":"http://hl7.org/fhir/tools/StructureDefinition/ig-page-name","valueUrl":"CodeSystem-CSCodMadurez.html"}],"nameUrl":"CodeSystem-CSCodMadurez.html","title":"Códigos de grado de madurez del artefacto","generation":"generated"},{"extension":[{"url":"http://hl7.org/fhir/tools/StructureDefinition/ig-page-name","valueUrl":"CodeSystem-CodPais.html"}],"nameUrl":"CodeSystem-CodPais.html","title":"Códigos de Países","generation":"generated"},{"extension":[{"url":"http://hl7.org/fhir/tools/StructureDefinition/ig-page-name","valueUrl":"CodeSystem-CSCodProvinciasCL.html"}],"nameUrl":"CodeSystem-CSCodProvinciasCL.html","title":"Códigos de Provincias en Chile","generation":"generated"},{"extension":[{"url":"http://hl7.org/fhir/tools/StructureDefinition/ig-page-name","valueUrl":"CodeSystem-CSCodRegionCL.html"}],"nameUrl":"CodeSystem-CSCodRegionCL.html","title":"Códigos de Regiones en Chile","generation":"generated"},{"extension":[{"url":"http://hl7.org/fhir/tools/StructureDefinition/ig-page-name","valueUrl":"CodeSystem-CSCodigoVacunas.html"}],"nameUrl":"CodeSystem-CSCodigoVacunas.html","title":"Códigos de Vacunas RNI","generation":"generated"},{"extension":[{"url":"http://hl7.org/fhir/tools/StructureDefinition/ig-page-name","valueUrl":"CodeSystem-CSIdentidaddeGenero.html"}],"nameUrl":"CodeSystem-CSIdentidaddeGenero.html","title":"Identidad de Genero","generation":"generated"},{"extension":[{"url":"http://hl7.org/fhir/tools/StructureDefinition/ig-page-name","valueUrl":"CodeSystem-CSIdentificadores.html"}],"nameUrl":"CodeSystem-CSIdentificadores.html","title":"Identificadores","generation":"generated"},{"extension":[{"url":"http://hl7.org/fhir/tools/StructureDefinition/ig-page-name","valueUrl":"CodeSystem-CSRazonNOT.html"}],"nameUrl":"CodeSystem-CSRazonNOT.html","title":"Razones Cancelación Atención Remota","generation":"generated"},{"extension":[{"url":"http://hl7.org/fhir/tools/StructureDefinition/ig-page-name","valueUrl":"CodeSystem-CSRazonNOTinm.html"}],"nameUrl":"CodeSystem-CSRazonNOTinm.html","title":"Razones no Inmunización","generation":"generated"},{"extension":[{"url":"http://hl7.org/fhir/tools/StructureDefinition/ig-page-name","valueUrl":"CodeSystem-csrazonnoencuentro.html"}],"nameUrl":"CodeSystem-csrazonnoencuentro.html","title":"Razón Encuentro Remoto no Realizado","generation":"generated"},{"extension":[{"url":"http://hl7.org/fhir/tools/StructureDefinition/ig-page-name","valueUrl":"CodeSystem-CSCodSSalud.html"}],"nameUrl":"CodeSystem-CSCodSSalud.html","title":"Servicios de Salud Chile","generation":"generated"},{"extension":[{"url":"http://hl7.org/fhir/tools/StructureDefinition/ig-page-name","valueUrl":"CodeSystem-CSSexoListadoDeis.html"}],"nameUrl":"CodeSystem-CSSexoListadoDeis.html","title":"Sexo Listado Deis","generation":"generated"},{"extension":[{"url":"http://hl7.org/fhir/tools/StructureDefinition/ig-page-name","valueUrl":"CodeSystem-CSTipoIdentificador.html"}],"nameUrl":"CodeSystem-CSTipoIdentificador.html","title":"Tipo Identificador","generation":"generated"},{"extension":[{"url":"http://hl7.org/fhir/tools/StructureDefinition/ig-page-name","valueUrl":"CodeSystem-CSTiposEncuentroCL.html"}],"nameUrl":"CodeSystem-CSTiposEncuentroCL.html","title":"Tipos de Encuentro","generation":"generated"},{"extension":[{"url":"http://hl7.org/fhir/tools/StructureDefinition/ig-page-name","valueUrl":"CodeSystem-CSCodigoServicio.html"}],"nameUrl":"CodeSystem-CSCodigoServicio.html","title":"Tipos de Servicios Remotos","generation":"generated"},{"extension":[{"url":"http://hl7.org/fhir/tools/StructureDefinition/ig-page-name","valueUrl":"Location-LocalizacionEjemploCL1.html"}],"nameUrl":"Location-LocalizacionEjemploCL1.html","title":"Ejemplo de  Localización Farmacia","generation":"generated"},{"extension":[{"url":"http://hl7.org/fhir/tools/StructureDefinition/ig-page-name","valueUrl":"Composition-CompositionClEj.html"}],"nameUrl":"Composition-CompositionClEj.html","title":"Ejemplo de Documento Clínico","generation":"generated"},{"extension":[{"url":"http://hl7.org/fhir/tools/StructureDefinition/ig-page-name","valueUrl":"Patient-PacienteCl-4.html"}],"nameUrl":"Patient-PacienteCl-4.html","title":"Ejemplo de Recurso de paciente Nacional con contacto declarado","generation":"generated"},{"extension":[{"url":"http://hl7.org/fhir/tools/StructureDefinition/ig-page-name","valueUrl":"Patient-PacienteCl-5.html"}],"nameUrl":"Patient-PacienteCl-5.html","title":"Ejemplo de Recurso de paciente Nacional con contacto declarado y extensión en dirección","generation":"generated"},{"extension":[{"url":"http://hl7.org/fhir/tools/StructureDefinition/ig-page-name","valueUrl":"Encounter-EncounterCL.html"}],"nameUrl":"Encounter-EncounterCL.html","title":"Ejemplo de Recurso Encuentro","generation":"generated"},{"extension":[{"url":"http://hl7.org/fhir/tools/StructureDefinition/ig-page-name","valueUrl":"Immunization-ImmunizationCL.html"}],"nameUrl":"Immunization-ImmunizationCL.html","title":"Ejemplo de Recurso Inmunización","generation":"generated"},{"extension":[{"url":"http://hl7.org/fhir/tools/StructureDefinition/ig-page-name","valueUrl":"Patient-PacienteCL2.html"}],"nameUrl":"Patient-PacienteCL2.html","title":"Ejemplo de Recurso Paciente Extranjero","generation":"generated"},{"extension":[{"url":"http://hl7.org/fhir/tools/StructureDefinition/ig-page-name","valueUrl":"Patient-PacienteCL.html"}],"nameUrl":"Patient-PacienteCL.html","title":"Ejemplo de Recurso Paciente Nacional","generation":"generated"},{"extension":[{"url":"http://hl7.org/fhir/tools/StructureDefinition/ig-page-name","valueUrl":"AuditEvent-AuditEventEx.html"}],"nameUrl":"AuditEvent-AuditEventEx.html","title":"Ejemplo de un Audit-Event Search.","generation":"generated"},{"extension":[{"url":"http://hl7.org/fhir/tools/StructureDefinition/ig-page-name","valueUrl":"Condition-DiagnosticoEj.html"}],"nameUrl":"Condition-DiagnosticoEj.html","title":"Ejemplo de Un Diagnóstico de hipertensión","generation":"generated"},{"extension":[{"url":"http://hl7.org/fhir/tools/StructureDefinition/ig-page-name","valueUrl":"Patient-PacienteCl-3.html"}],"nameUrl":"Patient-PacienteCl-3.html","title":"Paciente Nacional, con datos actualizados, declarando nacionalidad","generation":"generated"}]}]},"parameter":[{"code":"path-resource","value":"input/capabilities"},{"code":"path-resource","value":"input/examples"},{"code":"path-resource","value":"input/extensions"},{"code":"path-resource","value":"input/models"},{"code":"path-resource","value":"input/operations"},{"code":"path-resource","value":"input/profiles"},{"code":"path-resource","value":"input/resources"},{"code":"path-resource","value":"input/vocabulary"},{"code":"path-resource","value":"input/maps"},{"code":"path-resource","value":"input/testing"},{"code":"path-resource","value":"input/history"},{"code":"path-resource","value":"fsh-generated/resources"},{"code":"path-pages","value":"template/config"},{"code":"path-pages","value":"input/images"},{"code":"path-tx-cache","value":"input-cache/txcache"}]}}