{
  "resourceType" : "ImplementationGuide",
  "id" : "hl7.fhir.cl.clcore",
  "text" : {
    "status" : "generated",
    "div" : "<div xmlns=\"http://www.w3.org/1999/xhtml\"><p class=\"res-header-id\"><b>Generated Narrative: ImplementationGuide hl7.fhir.cl.clcore</b></p><a name=\"hl7.fhir.cl.clcore\"> </a><a name=\"hchl7.fhir.cl.clcore\"> </a><a name=\"hl7.fhir.cl.clcore-es-CL\"> </a><h2>clcore</h2><p>The official URL for this implementation guide is: </p><pre>https://hl7chile.cl/fhir/ig/clcore/ImplementationGuide/hl7.fhir.cl.clcore</pre><div><p>Guía de Implementación Versión de Desarrollo Sobre STU 1, para los perfiles Core que se van a requerir a nivel de desarrollo Nacional para Sistemas que Intercambien datos en estandar FHIR-R4</p>\n</div></div>"
  },
  "url" : "https://hl7chile.cl/fhir/ig/clcore/ImplementationGuide/hl7.fhir.cl.clcore",
  "version" : "1.9.0",
  "name" : "clcore",
  "title" : "Guía de Implementación ''cl core'' FHIR R4, (Versión Evolutiva)",
  "status" : "active",
  "date" : "2024-08-07T09:55:47-04:00",
  "publisher" : "HL7 Chile",
  "contact" : [{
    "name" : "HL7 Chile",
    "telecom" : [{
      "system" : "url",
      "value" : "http://hl7chile.cl"
    },
    {
      "system" : "email",
      "value" : "chair@hl7chile.cl"
    }]
  }],
  "description" : "Guía de Implementación Versión de Desarrollo Sobre STU 1, para los perfiles Core que se van a requerir a nivel de desarrollo Nacional para Sistemas que Intercambien datos en estandar FHIR-R4",
  "jurisdiction" : [{
    "coding" : [{
      "system" : "urn:iso:std:iso:3166",
      "code" : "CL",
      "display" : "Chile"
    }]
  }],
  "copyright" : "Usado con el permiso de HL7 International, todos los derechos resevados en los Licencias de HL7 Internacional.",
  "packageId" : "hl7.fhir.cl.clcore",
  "license" : "CC0-1.0",
  "fhirVersion" : ["4.0.1"],
  "dependsOn" : [{
    "id" : "hl7tx",
    "extension" : [{
      "url" : "http://hl7.org/fhir/tools/StructureDefinition/implementationguide-dependency-comment",
      "valueMarkdown" : "Automatically added as a dependency - all IGs depend on HL7 Terminology"
    }],
    "uri" : "http://terminology.hl7.org/ImplementationGuide/hl7.terminology",
    "packageId" : "hl7.terminology.r4",
    "version" : "6.0.2"
  },
  {
    "id" : "hl7ext",
    "extension" : [{
      "url" : "http://hl7.org/fhir/tools/StructureDefinition/implementationguide-dependency-comment",
      "valueMarkdown" : "Automatically added as a dependency - all IGs depend on the HL7 Extension Pack"
    }],
    "uri" : "http://hl7.org/fhir/extensions/ImplementationGuide/hl7.fhir.uv.extensions",
    "packageId" : "hl7.fhir.uv.extensions.r4",
    "version" : "5.1.0"
  }],
  "definition" : {
    "extension" : [{
      "extension" : [{
        "url" : "code",
        "valueString" : "copyrightyear"
      },
      {
        "url" : "value",
        "valueString" : "2024+"
      }],
      "url" : "http://hl7.org/fhir/tools/StructureDefinition/ig-parameter"
    },
    {
      "extension" : [{
        "url" : "code",
        "valueString" : "releaselabel"
      },
      {
        "url" : "value",
        "valueString" : "draft"
      }],
      "url" : "http://hl7.org/fhir/tools/StructureDefinition/ig-parameter"
    },
    {
      "extension" : [{
        "url" : "code",
        "valueString" : "apply-publisher"
      },
      {
        "url" : "value",
        "valueString" : "true"
      }],
      "url" : "http://hl7.org/fhir/tools/StructureDefinition/ig-parameter"
    },
    {
      "extension" : [{
        "url" : "code",
        "valueString" : "apply-contact"
      },
      {
        "url" : "value",
        "valueString" : "true"
      }],
      "url" : "http://hl7.org/fhir/tools/StructureDefinition/ig-parameter"
    },
    {
      "extension" : [{
        "url" : "code",
        "valueString" : "show-inherited-invariants"
      },
      {
        "url" : "value",
        "valueString" : "false"
      }],
      "url" : "http://hl7.org/fhir/tools/StructureDefinition/ig-parameter"
    },
    {
      "extension" : [{
        "url" : "code",
        "valueString" : "excludettl"
      },
      {
        "url" : "value",
        "valueString" : "true"
      }],
      "url" : "http://hl7.org/fhir/tools/StructureDefinition/ig-parameter"
    },
    {
      "extension" : [{
        "url" : "code",
        "valueString" : "generate"
      },
      {
        "url" : "value",
        "valueString" : "genExamples"
      }],
      "url" : "http://hl7.org/fhir/tools/StructureDefinition/ig-parameter"
    },
    {
      "extension" : [{
        "url" : "code",
        "valueString" : "autoload-resources"
      },
      {
        "url" : "value",
        "valueString" : "true"
      }],
      "url" : "http://hl7.org/fhir/tools/StructureDefinition/ig-parameter"
    },
    {
      "extension" : [{
        "url" : "code",
        "valueString" : "path-liquid"
      },
      {
        "url" : "value",
        "valueString" : "template/liquid"
      }],
      "url" : "http://hl7.org/fhir/tools/StructureDefinition/ig-parameter"
    },
    {
      "extension" : [{
        "url" : "code",
        "valueString" : "path-liquid"
      },
      {
        "url" : "value",
        "valueString" : "input/liquid"
      }],
      "url" : "http://hl7.org/fhir/tools/StructureDefinition/ig-parameter"
    },
    {
      "extension" : [{
        "url" : "code",
        "valueString" : "path-qa"
      },
      {
        "url" : "value",
        "valueString" : "temp/qa"
      }],
      "url" : "http://hl7.org/fhir/tools/StructureDefinition/ig-parameter"
    },
    {
      "extension" : [{
        "url" : "code",
        "valueString" : "path-temp"
      },
      {
        "url" : "value",
        "valueString" : "temp/pages"
      }],
      "url" : "http://hl7.org/fhir/tools/StructureDefinition/ig-parameter"
    },
    {
      "extension" : [{
        "url" : "code",
        "valueString" : "path-output"
      },
      {
        "url" : "value",
        "valueString" : "output"
      }],
      "url" : "http://hl7.org/fhir/tools/StructureDefinition/ig-parameter"
    },
    {
      "extension" : [{
        "url" : "code",
        "valueString" : "path-suppressed-warnings"
      },
      {
        "url" : "value",
        "valueString" : "input/ignoreWarnings.txt"
      }],
      "url" : "http://hl7.org/fhir/tools/StructureDefinition/ig-parameter"
    },
    {
      "extension" : [{
        "url" : "code",
        "valueString" : "path-history"
      },
      {
        "url" : "value",
        "valueString" : "https://hl7chile.cl/fhir/ig/clcore/history.html"
      }],
      "url" : "http://hl7.org/fhir/tools/StructureDefinition/ig-parameter"
    },
    {
      "extension" : [{
        "url" : "code",
        "valueString" : "template-html"
      },
      {
        "url" : "value",
        "valueString" : "template-page.html"
      }],
      "url" : "http://hl7.org/fhir/tools/StructureDefinition/ig-parameter"
    },
    {
      "extension" : [{
        "url" : "code",
        "valueString" : "template-md"
      },
      {
        "url" : "value",
        "valueString" : "template-page-md.html"
      }],
      "url" : "http://hl7.org/fhir/tools/StructureDefinition/ig-parameter"
    },
    {
      "extension" : [{
        "url" : "code",
        "valueString" : "apply-context"
      },
      {
        "url" : "value",
        "valueString" : "true"
      }],
      "url" : "http://hl7.org/fhir/tools/StructureDefinition/ig-parameter"
    },
    {
      "extension" : [{
        "url" : "code",
        "valueString" : "apply-copyright"
      },
      {
        "url" : "value",
        "valueString" : "true"
      }],
      "url" : "http://hl7.org/fhir/tools/StructureDefinition/ig-parameter"
    },
    {
      "extension" : [{
        "url" : "code",
        "valueString" : "apply-jurisdiction"
      },
      {
        "url" : "value",
        "valueString" : "true"
      }],
      "url" : "http://hl7.org/fhir/tools/StructureDefinition/ig-parameter"
    },
    {
      "extension" : [{
        "url" : "code",
        "valueString" : "apply-license"
      },
      {
        "url" : "value",
        "valueString" : "true"
      }],
      "url" : "http://hl7.org/fhir/tools/StructureDefinition/ig-parameter"
    },
    {
      "extension" : [{
        "url" : "code",
        "valueString" : "apply-version"
      },
      {
        "url" : "value",
        "valueString" : "true"
      }],
      "url" : "http://hl7.org/fhir/tools/StructureDefinition/ig-parameter"
    },
    {
      "extension" : [{
        "url" : "code",
        "valueString" : "apply-wg"
      },
      {
        "url" : "value",
        "valueString" : "true"
      }],
      "url" : "http://hl7.org/fhir/tools/StructureDefinition/ig-parameter"
    },
    {
      "extension" : [{
        "url" : "code",
        "valueString" : "active-tables"
      },
      {
        "url" : "value",
        "valueString" : "true"
      }],
      "url" : "http://hl7.org/fhir/tools/StructureDefinition/ig-parameter"
    },
    {
      "extension" : [{
        "url" : "code",
        "valueString" : "fmm-definition"
      },
      {
        "url" : "value",
        "valueString" : "http://hl7.org/fhir/versions.html#maturity"
      }],
      "url" : "http://hl7.org/fhir/tools/StructureDefinition/ig-parameter"
    },
    {
      "extension" : [{
        "url" : "code",
        "valueString" : "propagate-status"
      },
      {
        "url" : "value",
        "valueString" : "true"
      }],
      "url" : "http://hl7.org/fhir/tools/StructureDefinition/ig-parameter"
    },
    {
      "extension" : [{
        "url" : "code",
        "valueString" : "excludelogbinaryformat"
      },
      {
        "url" : "value",
        "valueString" : "true"
      }],
      "url" : "http://hl7.org/fhir/tools/StructureDefinition/ig-parameter"
    },
    {
      "extension" : [{
        "url" : "code",
        "valueString" : "tabbed-snapshots"
      },
      {
        "url" : "value",
        "valueString" : "true"
      }],
      "url" : "http://hl7.org/fhir/tools/StructureDefinition/ig-parameter"
    },
    {
      "url" : "http://hl7.org/fhir/tools/StructureDefinition/ig-internal-dependency",
      "valueCode" : "hl7.fhir.uv.tools#0.1.0"
    },
    {
      "extension" : [{
        "url" : "code",
        "valueCode" : "copyrightyear"
      },
      {
        "url" : "value",
        "valueString" : "2024+"
      }],
      "url" : "http://hl7.org/fhir/tools/StructureDefinition/ig-parameter"
    },
    {
      "extension" : [{
        "url" : "code",
        "valueCode" : "releaselabel"
      },
      {
        "url" : "value",
        "valueString" : "draft"
      }],
      "url" : "http://hl7.org/fhir/tools/StructureDefinition/ig-parameter"
    },
    {
      "extension" : [{
        "url" : "code",
        "valueCode" : "apply-publisher"
      },
      {
        "url" : "value",
        "valueString" : "true"
      }],
      "url" : "http://hl7.org/fhir/tools/StructureDefinition/ig-parameter"
    },
    {
      "extension" : [{
        "url" : "code",
        "valueCode" : "apply-contact"
      },
      {
        "url" : "value",
        "valueString" : "true"
      }],
      "url" : "http://hl7.org/fhir/tools/StructureDefinition/ig-parameter"
    },
    {
      "extension" : [{
        "url" : "code",
        "valueCode" : "show-inherited-invariants"
      },
      {
        "url" : "value",
        "valueString" : "false"
      }],
      "url" : "http://hl7.org/fhir/tools/StructureDefinition/ig-parameter"
    },
    {
      "extension" : [{
        "url" : "code",
        "valueCode" : "excludettl"
      },
      {
        "url" : "value",
        "valueString" : "true"
      }],
      "url" : "http://hl7.org/fhir/tools/StructureDefinition/ig-parameter"
    },
    {
      "extension" : [{
        "url" : "code",
        "valueCode" : "generate"
      },
      {
        "url" : "value",
        "valueString" : "genExamples"
      }],
      "url" : "http://hl7.org/fhir/tools/StructureDefinition/ig-parameter"
    },
    {
      "extension" : [{
        "url" : "code",
        "valueCode" : "autoload-resources"
      },
      {
        "url" : "value",
        "valueString" : "true"
      }],
      "url" : "http://hl7.org/fhir/tools/StructureDefinition/ig-parameter"
    },
    {
      "extension" : [{
        "url" : "code",
        "valueCode" : "path-liquid"
      },
      {
        "url" : "value",
        "valueString" : "template/liquid"
      }],
      "url" : "http://hl7.org/fhir/tools/StructureDefinition/ig-parameter"
    },
    {
      "extension" : [{
        "url" : "code",
        "valueCode" : "path-liquid"
      },
      {
        "url" : "value",
        "valueString" : "input/liquid"
      }],
      "url" : "http://hl7.org/fhir/tools/StructureDefinition/ig-parameter"
    },
    {
      "extension" : [{
        "url" : "code",
        "valueCode" : "path-qa"
      },
      {
        "url" : "value",
        "valueString" : "temp/qa"
      }],
      "url" : "http://hl7.org/fhir/tools/StructureDefinition/ig-parameter"
    },
    {
      "extension" : [{
        "url" : "code",
        "valueCode" : "path-temp"
      },
      {
        "url" : "value",
        "valueString" : "temp/pages"
      }],
      "url" : "http://hl7.org/fhir/tools/StructureDefinition/ig-parameter"
    },
    {
      "extension" : [{
        "url" : "code",
        "valueCode" : "path-output"
      },
      {
        "url" : "value",
        "valueString" : "output"
      }],
      "url" : "http://hl7.org/fhir/tools/StructureDefinition/ig-parameter"
    },
    {
      "extension" : [{
        "url" : "code",
        "valueCode" : "path-suppressed-warnings"
      },
      {
        "url" : "value",
        "valueString" : "input/ignoreWarnings.txt"
      }],
      "url" : "http://hl7.org/fhir/tools/StructureDefinition/ig-parameter"
    },
    {
      "extension" : [{
        "url" : "code",
        "valueCode" : "path-history"
      },
      {
        "url" : "value",
        "valueString" : "https://hl7chile.cl/fhir/ig/clcore/history.html"
      }],
      "url" : "http://hl7.org/fhir/tools/StructureDefinition/ig-parameter"
    },
    {
      "extension" : [{
        "url" : "code",
        "valueCode" : "template-html"
      },
      {
        "url" : "value",
        "valueString" : "template-page.html"
      }],
      "url" : "http://hl7.org/fhir/tools/StructureDefinition/ig-parameter"
    },
    {
      "extension" : [{
        "url" : "code",
        "valueCode" : "template-md"
      },
      {
        "url" : "value",
        "valueString" : "template-page-md.html"
      }],
      "url" : "http://hl7.org/fhir/tools/StructureDefinition/ig-parameter"
    },
    {
      "extension" : [{
        "url" : "code",
        "valueCode" : "apply-context"
      },
      {
        "url" : "value",
        "valueString" : "true"
      }],
      "url" : "http://hl7.org/fhir/tools/StructureDefinition/ig-parameter"
    },
    {
      "extension" : [{
        "url" : "code",
        "valueCode" : "apply-copyright"
      },
      {
        "url" : "value",
        "valueString" : "true"
      }],
      "url" : "http://hl7.org/fhir/tools/StructureDefinition/ig-parameter"
    },
    {
      "extension" : [{
        "url" : "code",
        "valueCode" : "apply-jurisdiction"
      },
      {
        "url" : "value",
        "valueString" : "true"
      }],
      "url" : "http://hl7.org/fhir/tools/StructureDefinition/ig-parameter"
    },
    {
      "extension" : [{
        "url" : "code",
        "valueCode" : "apply-license"
      },
      {
        "url" : "value",
        "valueString" : "true"
      }],
      "url" : "http://hl7.org/fhir/tools/StructureDefinition/ig-parameter"
    },
    {
      "extension" : [{
        "url" : "code",
        "valueCode" : "apply-version"
      },
      {
        "url" : "value",
        "valueString" : "true"
      }],
      "url" : "http://hl7.org/fhir/tools/StructureDefinition/ig-parameter"
    },
    {
      "extension" : [{
        "url" : "code",
        "valueCode" : "apply-wg"
      },
      {
        "url" : "value",
        "valueString" : "true"
      }],
      "url" : "http://hl7.org/fhir/tools/StructureDefinition/ig-parameter"
    },
    {
      "extension" : [{
        "url" : "code",
        "valueCode" : "active-tables"
      },
      {
        "url" : "value",
        "valueString" : "true"
      }],
      "url" : "http://hl7.org/fhir/tools/StructureDefinition/ig-parameter"
    },
    {
      "extension" : [{
        "url" : "code",
        "valueCode" : "fmm-definition"
      },
      {
        "url" : "value",
        "valueString" : "http://hl7.org/fhir/versions.html#maturity"
      }],
      "url" : "http://hl7.org/fhir/tools/StructureDefinition/ig-parameter"
    },
    {
      "extension" : [{
        "url" : "code",
        "valueCode" : "propagate-status"
      },
      {
        "url" : "value",
        "valueString" : "true"
      }],
      "url" : "http://hl7.org/fhir/tools/StructureDefinition/ig-parameter"
    },
    {
      "extension" : [{
        "url" : "code",
        "valueCode" : "excludelogbinaryformat"
      },
      {
        "url" : "value",
        "valueString" : "true"
      }],
      "url" : "http://hl7.org/fhir/tools/StructureDefinition/ig-parameter"
    },
    {
      "extension" : [{
        "url" : "code",
        "valueCode" : "tabbed-snapshots"
      },
      {
        "url" : "value",
        "valueString" : "true"
      }],
      "url" : "http://hl7.org/fhir/tools/StructureDefinition/ig-parameter"
    }],
    "resource" : [{
      "extension" : [{
        "url" : "http://hl7.org/fhir/tools/StructureDefinition/resource-information",
        "valueString" : "ValueSet"
      }],
      "reference" : {
        "reference" : "ValueSet/VSNombreCampana"
      },
      "name" : "Campañas de Vacunación",
      "description" : "Campañas de Inmunización utilizada en Chile según CodeSystem local",
      "exampleBoolean" : false
    },
    {
      "extension" : [{
        "url" : "http://hl7.org/fhir/tools/StructureDefinition/resource-information",
        "valueString" : "CodeSystem"
      }],
      "reference" : {
        "reference" : "CodeSystem/CSNombreCampana"
      },
      "name" : "Campañas Inmunización",
      "description" : "Códigos de las campañas de vacunas o inmunizaciones según indicaciones del Ministerio de Salud",
      "exampleBoolean" : false
    },
    {
      "extension" : [{
        "url" : "http://hl7.org/fhir/tools/StructureDefinition/resource-information",
        "valueString" : "CapabilityStatement"
      }],
      "reference" : {
        "reference" : "CapabilityStatement/cl-core-client"
      },
      "name" : "CapabilityStatement Cliente Cl Core",
      "description" : "CapabilityStatement para definir las caracteristicas mínimas de un cliente con todas las interacciones posibles hacía un servidor",
      "exampleBoolean" : false
    },
    {
      "extension" : [{
        "url" : "http://hl7.org/fhir/tools/StructureDefinition/resource-information",
        "valueString" : "CapabilityStatement"
      }],
      "reference" : {
        "reference" : "CapabilityStatement/cl-core-server"
      },
      "name" : "CapabilityStatement Servidor Cl Core",
      "description" : "CapabilityStatement para definir las caracteristicas mínimas del servidor para ver las interacciones posibles",
      "exampleBoolean" : false
    },
    {
      "extension" : [{
        "url" : "http://hl7.org/fhir/tools/StructureDefinition/resource-information",
        "valueString" : "StructureDefinition:complex-type"
      }],
      "reference" : {
        "reference" : "StructureDefinition/cl-address"
      },
      "name" : "CL Address",
      "description" : "Variable dirección",
      "exampleBoolean" : false
    },
    {
      "extension" : [{
        "url" : "http://hl7.org/fhir/tools/StructureDefinition/resource-information",
        "valueString" : "StructureDefinition:resource"
      }],
      "reference" : {
        "reference" : "StructureDefinition/CoreAletgiaIntCl"
      },
      "name" : "CL Alergias e Intolerancias",
      "description" : "Este Perfil ha sido desarrollado para cubrir las necesidades para describir una Alergia o alguna Intolerancia definida en un paciente.",
      "exampleBoolean" : false
    },
    {
      "extension" : [{
        "url" : "http://hl7.org/fhir/tools/StructureDefinition/resource-information",
        "valueString" : "StructureDefinition:resource"
      }],
      "reference" : {
        "reference" : "StructureDefinition/AuditEventCl"
      },
      "name" : "CL Auditoria",
      "description" : "Perfil para genererar un recurso que permita desarrollar auditoría de las transacciones realizadas",
      "exampleBoolean" : false
    },
    {
      "extension" : [{
        "url" : "http://hl7.org/fhir/tools/StructureDefinition/resource-information",
        "valueString" : "StructureDefinition:resource"
      }],
      "reference" : {
        "reference" : "StructureDefinition/CoreDiagnosticoCl"
      },
      "name" : "CL Condición-Diagnóstico",
      "description" : "Condicion o Diagnósticos de Pacientes",
      "exampleBoolean" : false
    },
    {
      "extension" : [{
        "url" : "http://hl7.org/fhir/tools/StructureDefinition/resource-information",
        "valueString" : "StructureDefinition:resource"
      }],
      "reference" : {
        "reference" : "StructureDefinition/DocumentoCl"
      },
      "name" : "CL Documento",
      "description" : "De un formato genérico para documento clínico en Chile.",
      "exampleBoolean" : false
    },
    {
      "extension" : [{
        "url" : "http://hl7.org/fhir/tools/StructureDefinition/resource-information",
        "valueString" : "StructureDefinition:resource"
      }],
      "reference" : {
        "reference" : "StructureDefinition/EncounterCL"
      },
      "name" : "CL Encuentro Clínico",
      "description" : "Definición de encuentro clínico genérico para Chile",
      "exampleBoolean" : false
    },
    {
      "extension" : [{
        "url" : "http://hl7.org/fhir/tools/StructureDefinition/resource-information",
        "valueString" : "StructureDefinition:resource"
      }],
      "reference" : {
        "reference" : "StructureDefinition/ImmunizationCL"
      },
      "name" : "CL Inmunización",
      "description" : "Definición de un evento de inmunización para las necesidades de interoperabilidad en Chile.",
      "exampleBoolean" : false
    },
    {
      "extension" : [{
        "url" : "http://hl7.org/fhir/tools/StructureDefinition/resource-information",
        "valueString" : "StructureDefinition:resource"
      }],
      "reference" : {
        "reference" : "StructureDefinition/CoreLocalizacionCl"
      },
      "name" : "CL Localización",
      "description" : "Este perfil determina la ubicación especifica para un evento, objeto o Infraestructura específica. Este perfil permite vinlcular la localización especifica con una organización o espacio físico específico",
      "exampleBoolean" : false
    },
    {
      "extension" : [{
        "url" : "http://hl7.org/fhir/tools/StructureDefinition/resource-information",
        "valueString" : "StructureDefinition:resource"
      }],
      "reference" : {
        "reference" : "StructureDefinition/CoreMedicamentoCl"
      },
      "name" : "CL Medicamento",
      "description" : "Descripción de un Medicamento",
      "exampleBoolean" : false
    },
    {
      "extension" : [{
        "url" : "http://hl7.org/fhir/tools/StructureDefinition/resource-information",
        "valueString" : "StructureDefinition:resource"
      }],
      "reference" : {
        "reference" : "StructureDefinition/CoreOrganizacionCl"
      },
      "name" : "CL Organización",
      "description" : "Este Perfil ha sido desarrollado para cubrir las necesidades del Caso de Uso de Receta Electrónica. Sin embargo, se ha modelado para también cubrir las necesidades nacionales de un Recurso de Organzación en Salud",
      "exampleBoolean" : false
    },
    {
      "extension" : [{
        "url" : "http://hl7.org/fhir/tools/StructureDefinition/resource-information",
        "valueString" : "StructureDefinition:resource"
      }],
      "reference" : {
        "reference" : "StructureDefinition/CorePacienteCl"
      },
      "name" : "CL Paciente",
      "description" : "Este Perfil se ha modelado con el fin de cubrir las necesidades nacionales de un Recurso Paciente para un Historial Clínico Nacional",
      "exampleBoolean" : false
    },
    {
      "extension" : [{
        "url" : "http://hl7.org/fhir/tools/StructureDefinition/resource-information",
        "valueString" : "StructureDefinition:resource"
      }],
      "reference" : {
        "reference" : "StructureDefinition/CorePrestadorCl"
      },
      "name" : "CL Prestador",
      "description" : "Este Perfil fue creado para cubrir la descripción de un Prestador a nivel Nacional",
      "exampleBoolean" : false
    },
    {
      "extension" : [{
        "url" : "http://hl7.org/fhir/tools/StructureDefinition/resource-information",
        "valueString" : "StructureDefinition:resource"
      }],
      "reference" : {
        "reference" : "StructureDefinition/ProvenanceCl"
      },
      "name" : "CL Provenance",
      "description" : "Este Perfil describe la forma de validación respecto a la procedencia de un recurso genrado durante un acto clínico.",
      "exampleBoolean" : false
    },
    {
      "extension" : [{
        "url" : "http://hl7.org/fhir/tools/StructureDefinition/resource-information",
        "valueString" : "StructureDefinition:resource"
      }],
      "reference" : {
        "reference" : "StructureDefinition/CoreRolClinicoCl"
      },
      "name" : "CL RolClinico",
      "description" : "Este Perfil se ha modelado con el fin de cubrir las necesidades la función de Prestador en una organización de Chile por ejemplo: Hospital, Clínica, Cesfam, farmacias, etc",
      "exampleBoolean" : false
    },
    {
      "extension" : [{
        "url" : "http://hl7.org/fhir/tools/StructureDefinition/resource-information",
        "valueString" : "StructureDefinition:extension"
      }],
      "reference" : {
        "reference" : "StructureDefinition/CodigoPaises"
      },
      "name" : "Codigo de Paises",
      "description" : "Esta extensión incluye códigos de paises",
      "exampleBoolean" : false
    },
    {
      "extension" : [{
        "url" : "http://hl7.org/fhir/tools/StructureDefinition/resource-information",
        "valueString" : "ValueSet"
      }],
      "reference" : {
        "reference" : "ValueSet/VSCodigoslenguaje"
      },
      "name" : "Codigos Lenguaje",
      "description" : "Códigos de leguaje",
      "exampleBoolean" : false
    },
    {
      "extension" : [{
        "url" : "http://hl7.org/fhir/tools/StructureDefinition/resource-information",
        "valueString" : "CodeSystem"
      }],
      "reference" : {
        "reference" : "CodeSystem/CSCodigoslenguaje"
      },
      "name" : "Codigos Lenguaje",
      "description" : "Codigoslenguaje",
      "exampleBoolean" : false
    },
    {
      "extension" : [{
        "url" : "http://hl7.org/fhir/tools/StructureDefinition/resource-information",
        "valueString" : "ValueSet"
      }],
      "reference" : {
        "reference" : "ValueSet/VSCodigosComunaCL"
      },
      "name" : "Códigos de Comunas en Chile",
      "description" : "Códigos de Comunas para Chile según Códigos Únicos Territoriales Actualizados, por Decreto exento No 817 del Ministerio del Interior",
      "exampleBoolean" : false
    },
    {
      "extension" : [{
        "url" : "http://hl7.org/fhir/tools/StructureDefinition/resource-information",
        "valueString" : "CodeSystem"
      }],
      "reference" : {
        "reference" : "CodeSystem/CSCodComunasCL"
      },
      "name" : "Códigos de Comunas en Chile",
      "description" : "Códigos de Comunas para Chile según Códigos Únicos Territoriales Actualizados, por Decreto exento No 817 del Ministerio del Interior",
      "exampleBoolean" : false
    },
    {
      "extension" : [{
        "url" : "http://hl7.org/fhir/tools/StructureDefinition/resource-information",
        "valueString" : "CodeSystem"
      }],
      "reference" : {
        "reference" : "CodeSystem/CSCodigoDNI"
      },
      "name" : "Códigos de Documentos DNI para LATAM y el Caribe",
      "description" : "Códigos para los DNI de países de America Latina y el Caribe según indicaciones de VS HL7 de V3",
      "exampleBoolean" : false
    },
    {
      "extension" : [{
        "url" : "http://hl7.org/fhir/tools/StructureDefinition/resource-information",
        "valueString" : "ValueSet"
      }],
      "reference" : {
        "reference" : "ValueSet/VSEspecialidadesCL"
      },
      "name" : "Códigos de Especialidades",
      "description" : "Códigos de especialidades médicas descritas según DEIS, la CONACEM y CONACEO",
      "exampleBoolean" : false
    },
    {
      "extension" : [{
        "url" : "http://hl7.org/fhir/tools/StructureDefinition/resource-information",
        "valueString" : "CodeSystem"
      }],
      "reference" : {
        "reference" : "CodeSystem/CSEspecialidadesDeisCL"
      },
      "name" : "Códigos de Especialidades",
      "description" : "Códigos de especialidades médicas descritas según DEIS",
      "exampleBoolean" : false
    },
    {
      "extension" : [{
        "url" : "http://hl7.org/fhir/tools/StructureDefinition/resource-information",
        "valueString" : "CodeSystem"
      }],
      "reference" : {
        "reference" : "CodeSystem/EspecialidadesConacemConaceoCS"
      },
      "name" : "Códigos de Especialidades de CONACEM y CONACEO",
      "description" : "Códigos a usar para las Especialidades provenientes de La Corporación Nacional Autónoma de Certificación de Especialidades Médicas (CONACEM) y de La Corporación Nacional Autónoma de Certificación de Especialidades Odontológicas (CONACEO) de Chile",
      "exampleBoolean" : false
    },
    {
      "extension" : [{
        "url" : "http://hl7.org/fhir/tools/StructureDefinition/resource-information",
        "valueString" : "ValueSet"
      }],
      "reference" : {
        "reference" : "ValueSet/VSCodMadurez"
      },
      "name" : "Códigos de grado de madurez del artefacto",
      "description" : "Códigos de grado de madurez del artefacto",
      "exampleBoolean" : false
    },
    {
      "extension" : [{
        "url" : "http://hl7.org/fhir/tools/StructureDefinition/resource-information",
        "valueString" : "CodeSystem"
      }],
      "reference" : {
        "reference" : "CodeSystem/CSCodMadurez"
      },
      "name" : "Códigos de grado de madurez del artefacto",
      "description" : "Códigos de grado de madurez del artefacto",
      "exampleBoolean" : false
    },
    {
      "extension" : [{
        "url" : "http://hl7.org/fhir/tools/StructureDefinition/resource-information",
        "valueString" : "ValueSet"
      }],
      "reference" : {
        "reference" : "ValueSet/CodPais"
      },
      "name" : "Códigos de Países",
      "description" : "Codigos definidos para la identificación de países segun norma ISO3166-N",
      "exampleBoolean" : false
    },
    {
      "extension" : [{
        "url" : "http://hl7.org/fhir/tools/StructureDefinition/resource-information",
        "valueString" : "CodeSystem"
      }],
      "reference" : {
        "reference" : "CodeSystem/CodPais"
      },
      "name" : "Códigos de Países",
      "description" : "Codigos definidos para la identificación de países segun norma ISO3166-N",
      "exampleBoolean" : false
    },
    {
      "extension" : [{
        "url" : "http://hl7.org/fhir/tools/StructureDefinition/resource-information",
        "valueString" : "ValueSet"
      }],
      "reference" : {
        "reference" : "ValueSet/VSCodigosProvinciasCL"
      },
      "name" : "Códigos de Provincias en Chile",
      "description" : "Códigos de Provincias para Chile según Códigos Únicos Territoriales Actualizados, por Decreto exento No 817 del Ministerio del Interior",
      "exampleBoolean" : false
    },
    {
      "extension" : [{
        "url" : "http://hl7.org/fhir/tools/StructureDefinition/resource-information",
        "valueString" : "CodeSystem"
      }],
      "reference" : {
        "reference" : "CodeSystem/CSCodProvinciasCL"
      },
      "name" : "Códigos de Provincias en Chile",
      "description" : "Códigos de Provincias para Chile según Códigos Únicos Territoriales Actualizados, por Decreto exento No 817 del Ministerio del Interior",
      "exampleBoolean" : false
    },
    {
      "extension" : [{
        "url" : "http://hl7.org/fhir/tools/StructureDefinition/resource-information",
        "valueString" : "ValueSet"
      }],
      "reference" : {
        "reference" : "ValueSet/VSCodigosRegionesCL"
      },
      "name" : "Códigos de Regiones en Chile",
      "description" : "Códigos de Regiones para Chile según Códigos Únicos Territoriales Actualizados, por Decreto exento No 817 del Ministerio del Interior",
      "exampleBoolean" : false
    },
    {
      "extension" : [{
        "url" : "http://hl7.org/fhir/tools/StructureDefinition/resource-information",
        "valueString" : "CodeSystem"
      }],
      "reference" : {
        "reference" : "CodeSystem/CSCodRegionCL"
      },
      "name" : "Códigos de Regiones en Chile",
      "description" : "Códigos de Regiones para Chile según Códigos Únicos Territoriales Actualizados, por Decreto exento No 817 del Ministerio del Interior",
      "exampleBoolean" : false
    },
    {
      "extension" : [{
        "url" : "http://hl7.org/fhir/tools/StructureDefinition/resource-information",
        "valueString" : "CodeSystem"
      }],
      "reference" : {
        "reference" : "CodeSystem/CSCodigoVacunas"
      },
      "name" : "Códigos de Vacunas RNI",
      "description" : "Códigos de las vacunas o inmunizaciones según indicaciones del Ministerio de Salud",
      "exampleBoolean" : false
    },
    {
      "extension" : [{
        "url" : "http://hl7.org/fhir/tools/StructureDefinition/resource-information",
        "valueString" : "StructureDefinition:extension"
      }],
      "reference" : {
        "reference" : "StructureDefinition/ComunasCl"
      },
      "name" : "Códigos para Comunas en Chile",
      "description" : "Esta extensión que permite codiificar las Comunas en Chile en el campo de Dirección",
      "exampleBoolean" : false
    },
    {
      "extension" : [{
        "url" : "http://hl7.org/fhir/tools/StructureDefinition/resource-information",
        "valueString" : "StructureDefinition:extension"
      }],
      "reference" : {
        "reference" : "StructureDefinition/ProvinciasCl"
      },
      "name" : "Códigos para Provincias en Chile",
      "description" : "Esta extensión que permite codificar las Provincias en Chile en el campo de Dirección",
      "exampleBoolean" : false
    },
    {
      "extension" : [{
        "url" : "http://hl7.org/fhir/tools/StructureDefinition/resource-information",
        "valueString" : "StructureDefinition:extension"
      }],
      "reference" : {
        "reference" : "StructureDefinition/RegionesCl"
      },
      "name" : "Códigos para Regiones en Chile",
      "description" : "Esta extensión que permite codificar las Regiones en Chile en el campo de Dirección",
      "exampleBoolean" : false
    },
    {
      "extension" : [{
        "url" : "http://hl7.org/fhir/tools/StructureDefinition/resource-information",
        "valueString" : "ValueSet"
      }],
      "reference" : {
        "reference" : "ValueSet/VSDiagnosticosSCT"
      },
      "name" : "Diagnósticos SNOMED y Ausente o Desconocido",
      "description" : "Diagnósticos definidos en Snomed-CT.",
      "exampleBoolean" : false
    },
    {
      "extension" : [{
        "url" : "http://hl7.org/fhir/tools/StructureDefinition/resource-information",
        "valueString" : "Composition"
      }],
      "reference" : {
        "reference" : "Composition/DocumentoEjemplo1"
      },
      "name" : "Ejemplo de Cabecera de Documento",
      "description" : "Este es el ejemplo de la cabecera de un documento",
      "exampleCanonical" : "https://hl7chile.cl/fhir/ig/clcore/StructureDefinition/DocumentoCl"
    },
    {
      "extension" : [{
        "url" : "http://hl7.org/fhir/tools/StructureDefinition/resource-information",
        "valueString" : "Medication"
      }],
      "reference" : {
        "reference" : "Medication/MedicamentoCl"
      },
      "name" : "Ejemplo de comprimido Tareg - D 160",
      "description" : "Medicamento comprimido Tareg -D160 referemciado como medicamento en la TFC, considerando el de 25 comprimidos",
      "exampleCanonical" : "https://hl7chile.cl/fhir/ig/clcore/StructureDefinition/CoreMedicamentoCl"
    },
    {
      "extension" : [{
        "url" : "http://hl7.org/fhir/tools/StructureDefinition/resource-information",
        "valueString" : "PractitionerRole"
      }],
      "reference" : {
        "reference" : "PractitionerRole/EjemploEspecialidadCL2"
      },
      "name" : "Ejemplo de Especialidad Medicina Familiar",
      "description" : "Define la especialidad de medicina familiar que cumnple un profesional en un establecimiento de salud",
      "exampleCanonical" : "https://hl7chile.cl/fhir/ig/clcore/StructureDefinition/CoreRolClinicoCl"
    },
    {
      "extension" : [{
        "url" : "http://hl7.org/fhir/tools/StructureDefinition/resource-information",
        "valueString" : "Medication"
      }],
      "reference" : {
        "reference" : "Medication/MedicamentoCl-2"
      },
      "name" : "Ejemplo de Hidroclorotiazida 25 mg + Valsartán 160 mg comprimido",
      "description" : "Definición de Hidroclorotiazida 25 mg + Valsartán 160 mg comprimido Código de descripción = 1703591000167111 y de Cocepto = 696681000167108 según TFC",
      "exampleCanonical" : "https://hl7chile.cl/fhir/ig/clcore/StructureDefinition/CoreMedicamentoCl"
    },
    {
      "extension" : [{
        "url" : "http://hl7.org/fhir/tools/StructureDefinition/resource-information",
        "valueString" : "Provenance"
      }],
      "reference" : {
        "reference" : "Provenance/EjemplValidacionProvCl"
      },
      "name" : "Ejemplo de la Validación de un documento por medio del Autor",
      "description" : "Ejemplo de un documento, en la cual el prestador que la ha desarollado genera una validación por medio de una firma",
      "exampleCanonical" : "https://hl7chile.cl/fhir/ig/clcore/StructureDefinition/ProvenanceCl"
    },
    {
      "extension" : [{
        "url" : "http://hl7.org/fhir/tools/StructureDefinition/resource-information",
        "valueString" : "AllergyIntolerance"
      }],
      "reference" : {
        "reference" : "AllergyIntolerance/AllergyIntoleranceEj"
      },
      "name" : "Ejemplo de Recurso AllergyIntolerance Core",
      "description" : "AllergyIntolerance ficticio",
      "exampleCanonical" : "https://hl7chile.cl/fhir/ig/clcore/StructureDefinition/CoreAletgiaIntCl"
    },
    {
      "extension" : [{
        "url" : "http://hl7.org/fhir/tools/StructureDefinition/resource-information",
        "valueString" : "PractitionerRole"
      }],
      "reference" : {
        "reference" : "PractitionerRole/EjemploEspecialidadCL"
      },
      "name" : "Ejemplo de Recurso de especialidad",
      "description" : "Define la especialidad que cumnple en un establecimiento de salud",
      "exampleCanonical" : "https://hl7chile.cl/fhir/ig/clcore/StructureDefinition/CoreRolClinicoCl"
    },
    {
      "extension" : [{
        "url" : "http://hl7.org/fhir/tools/StructureDefinition/resource-information",
        "valueString" : "Encounter"
      }],
      "reference" : {
        "reference" : "Encounter/EjemploEncounterCL"
      },
      "name" : "Ejemplo de Recurso Encuentro",
      "description" : "Encuentro remoto ficticio del paciente",
      "exampleCanonical" : "https://hl7chile.cl/fhir/ig/clcore/StructureDefinition/EncounterCL"
    },
    {
      "extension" : [{
        "url" : "http://hl7.org/fhir/tools/StructureDefinition/resource-information",
        "valueString" : "Immunization"
      }],
      "reference" : {
        "reference" : "Immunization/ImmunizationEj"
      },
      "name" : "Ejemplo de Recurso Immunization",
      "description" : "Immunization ficticio",
      "exampleCanonical" : "https://hl7chile.cl/fhir/ig/clcore/StructureDefinition/ImmunizationCL"
    },
    {
      "extension" : [{
        "url" : "http://hl7.org/fhir/tools/StructureDefinition/resource-information",
        "valueString" : "Patient"
      }],
      "reference" : {
        "reference" : "Patient/PacienteCL"
      },
      "name" : "Ejemplo de Recurso Paciente Nacional",
      "description" : "Paciente ficticio nacional CI Chilena, sin sistema de validación \"http://regcivil.cl/Validacion/RUN\" ficticio , cuyo nombre se decribe mediante el oficial y uno social. La dirección tampoco es Real",
      "exampleCanonical" : "https://hl7chile.cl/fhir/ig/clcore/StructureDefinition/CorePacienteCl"
    },
    {
      "extension" : [{
        "url" : "http://hl7.org/fhir/tools/StructureDefinition/resource-information",
        "valueString" : "Practitioner"
      }],
      "reference" : {
        "reference" : "Practitioner/EjemploPrestadorCL2"
      },
      "name" : "Ejemplo de Recurso Prestador 2 como base para un Core Nacional",
      "description" : "Ejemplo de un Prestador no Real con identificadores en Systemas con APIs \"no disponibles\"",
      "exampleCanonical" : "https://hl7chile.cl/fhir/ig/clcore/StructureDefinition/CorePrestadorCl"
    },
    {
      "extension" : [{
        "url" : "http://hl7.org/fhir/tools/StructureDefinition/resource-information",
        "valueString" : "Practitioner"
      }],
      "reference" : {
        "reference" : "Practitioner/EjemploPrestadorCL"
      },
      "name" : "Ejemplo de Recurso Prestador como base para un Core Nacional",
      "description" : "Ejemplo de un Prestador no Real con identificadores en Systemas con API\"s no disponibles",
      "exampleCanonical" : "https://hl7chile.cl/fhir/ig/clcore/StructureDefinition/CorePrestadorCl"
    },
    {
      "extension" : [{
        "url" : "http://hl7.org/fhir/tools/StructureDefinition/resource-information",
        "valueString" : "AuditEvent"
      }],
      "reference" : {
        "reference" : "AuditEvent/AuditEventEx"
      },
      "name" : "Ejemplo de un Audit-Event Search.",
      "description" : "Log de Audición de una operacion Search.",
      "exampleCanonical" : "https://hl7chile.cl/fhir/ig/clcore/StructureDefinition/AuditEventCl"
    },
    {
      "extension" : [{
        "url" : "http://hl7.org/fhir/tools/StructureDefinition/resource-information",
        "valueString" : "Condition"
      }],
      "reference" : {
        "reference" : "Condition/DiagnosticoEj2"
      },
      "name" : "Ejemplo de Un Diagnóstico de Faringoamigdalitis",
      "description" : "Diagnóstico Confirmado de Faringoamigdalitis",
      "exampleCanonical" : "https://hl7chile.cl/fhir/ig/clcore/StructureDefinition/CoreDiagnosticoCl"
    },
    {
      "extension" : [{
        "url" : "http://hl7.org/fhir/tools/StructureDefinition/resource-information",
        "valueString" : "Condition"
      }],
      "reference" : {
        "reference" : "Condition/DiagnosticoEj"
      },
      "name" : "Ejemplo de Un Diagnóstico de hipertensión",
      "description" : "Diagnóstico Confirmado de Hipertesión",
      "exampleCanonical" : "https://hl7chile.cl/fhir/ig/clcore/StructureDefinition/CoreDiagnosticoCl"
    },
    {
      "extension" : [{
        "url" : "http://hl7.org/fhir/tools/StructureDefinition/resource-information",
        "valueString" : "Location"
      }],
      "reference" : {
        "reference" : "Location/LocalizacionEjemploCL1"
      },
      "name" : "Ejemplo Localización Farmacia",
      "description" : "Ejemplo de la localización relacionada con una Farmacia específica ubicada en la comuna de Viña del Mar",
      "exampleCanonical" : "https://hl7chile.cl/fhir/ig/clcore/StructureDefinition/CoreLocalizacionCl"
    },
    {
      "extension" : [{
        "url" : "http://hl7.org/fhir/tools/StructureDefinition/resource-information",
        "valueString" : "Organization"
      }],
      "reference" : {
        "reference" : "Organization/EjemploLaboratorio1"
      },
      "name" : "Ejemplo Organización Laboratorio",
      "description" : "Laboratorio",
      "exampleCanonical" : "https://hl7chile.cl/fhir/ig/clcore/StructureDefinition/CoreOrganizacionCl"
    },
    {
      "extension" : [{
        "url" : "http://hl7.org/fhir/tools/StructureDefinition/resource-information",
        "valueString" : "Organization"
      }],
      "reference" : {
        "reference" : "Organization/OrganizacionClEjemplo1"
      },
      "name" : "Ejemplo Organización Prestadora de Salud",
      "description" : "CESFAM Rio Bueno (Ficticio) con ID DEIS no real",
      "exampleCanonical" : "https://hl7chile.cl/fhir/ig/clcore/StructureDefinition/CoreOrganizacionCl"
    },
    {
      "extension" : [{
        "url" : "http://hl7.org/fhir/tools/StructureDefinition/resource-information",
        "valueString" : "CodeSystem"
      }],
      "reference" : {
        "reference" : "CodeSystem/CSEspecialidadFarma"
      },
      "name" : "Especialidad Farmacia",
      "description" : "Especialidad de Farmacia",
      "exampleBoolean" : false
    },
    {
      "extension" : [{
        "url" : "http://hl7.org/fhir/tools/StructureDefinition/resource-information",
        "valueString" : "CodeSystem"
      }],
      "reference" : {
        "reference" : "CodeSystem/CSEspecialidadOdontologica"
      },
      "name" : "Especialidad Odontologica",
      "description" : "Especialidad de Odontologica",
      "exampleBoolean" : false
    },
    {
      "extension" : [{
        "url" : "http://hl7.org/fhir/tools/StructureDefinition/resource-information",
        "valueString" : "StructureDefinition:extension"
      }],
      "reference" : {
        "reference" : "StructureDefinition/IdentidadDeGenero"
      },
      "name" : "Identidad De Genero",
      "description" : "Identidad De Genero",
      "exampleBoolean" : false
    },
    {
      "extension" : [{
        "url" : "http://hl7.org/fhir/tools/StructureDefinition/resource-information",
        "valueString" : "ValueSet"
      }],
      "reference" : {
        "reference" : "ValueSet/VSIdentidaddeGenero"
      },
      "name" : "Identidad de Genero",
      "description" : "Identidad de Genero",
      "exampleBoolean" : false
    },
    {
      "extension" : [{
        "url" : "http://hl7.org/fhir/tools/StructureDefinition/resource-information",
        "valueString" : "CodeSystem"
      }],
      "reference" : {
        "reference" : "CodeSystem/CSIdentidaddeGenero"
      },
      "name" : "Identidad de Genero",
      "description" : "Identidad de Genero",
      "exampleBoolean" : false
    },
    {
      "extension" : [{
        "url" : "http://hl7.org/fhir/tools/StructureDefinition/resource-information",
        "valueString" : "StructureDefinition:extension"
      }],
      "reference" : {
        "reference" : "StructureDefinition/IdContacto"
      },
      "name" : "Identificación del Contacto de un Paciente",
      "description" : "Identificación de contacto de paciente en especial para casos en los cuales este actúa como Tutor Legal",
      "exampleBoolean" : false
    },
    {
      "extension" : [{
        "url" : "http://hl7.org/fhir/tools/StructureDefinition/resource-information",
        "valueString" : "StructureDefinition:extension"
      }],
      "reference" : {
        "reference" : "StructureDefinition/NombreComercial"
      },
      "name" : "Nombre Comercial Fármaco",
      "description" : "Nombre comercial del fármaco prescrito",
      "exampleBoolean" : false
    },
    {
      "extension" : [{
        "url" : "http://hl7.org/fhir/tools/StructureDefinition/resource-information",
        "valueString" : "ValueSet"
      }],
      "reference" : {
        "reference" : "ValueSet/VSRazonNOT"
      },
      "name" : "Razones no Atención Remota",
      "description" : "Razones por la que no se lleva a cabo un encuentro remoto según CodeSystem local",
      "exampleBoolean" : false
    },
    {
      "extension" : [{
        "url" : "http://hl7.org/fhir/tools/StructureDefinition/resource-information",
        "valueString" : "ValueSet"
      }],
      "reference" : {
        "reference" : "ValueSet/VSRazonNOTinm"
      },
      "name" : "Razones no Inmunización",
      "description" : "Razones por la que no se lleva a cabo la administración de una vacuna o registro de una inmunización según CodeSystem local",
      "exampleBoolean" : false
    },
    {
      "extension" : [{
        "url" : "http://hl7.org/fhir/tools/StructureDefinition/resource-information",
        "valueString" : "CodeSystem"
      }],
      "reference" : {
        "reference" : "CodeSystem/CSRazonNOTinm"
      },
      "name" : "Razones no Inmunización",
      "description" : "Códigos de las razones por la cual el registro de inmunización no pudo realizarse según indicaciones del Ministerio de Salud",
      "exampleBoolean" : false
    },
    {
      "extension" : [{
        "url" : "http://hl7.org/fhir/tools/StructureDefinition/resource-information",
        "valueString" : "CodeSystem"
      }],
      "reference" : {
        "reference" : "CodeSystem/csrazonnoencuentro"
      },
      "name" : "Razón Encuentro Remoto no Realizado",
      "description" : "Códigos de las razones por la cual un encuentro remoto no pudo realizarse según indicaciones del Ministerio de Salud",
      "exampleBoolean" : false
    },
    {
      "extension" : [{
        "url" : "http://hl7.org/fhir/tools/StructureDefinition/resource-information",
        "valueString" : "StructureDefinition:extension"
      }],
      "reference" : {
        "reference" : "StructureDefinition/SegundoApellido"
      },
      "name" : "Segundo Apellido",
      "description" : "Segundo Apellido",
      "exampleBoolean" : false
    },
    {
      "extension" : [{
        "url" : "http://hl7.org/fhir/tools/StructureDefinition/resource-information",
        "valueString" : "StructureDefinition:extension"
      }],
      "reference" : {
        "reference" : "StructureDefinition/SexoBiologico"
      },
      "name" : "Sexo Biologico del paciente",
      "description" : "Sexo Biologico del paciente",
      "exampleBoolean" : false
    },
    {
      "extension" : [{
        "url" : "http://hl7.org/fhir/tools/StructureDefinition/resource-information",
        "valueString" : "ValueSet"
      }],
      "reference" : {
        "reference" : "ValueSet/VSSexoListadoDeis"
      },
      "name" : "Sexo Listado Deis",
      "description" : "Sexo Listado Deis",
      "exampleBoolean" : false
    },
    {
      "extension" : [{
        "url" : "http://hl7.org/fhir/tools/StructureDefinition/resource-information",
        "valueString" : "CodeSystem"
      }],
      "reference" : {
        "reference" : "CodeSystem/CSSexoListadoDeis"
      },
      "name" : "Sexo Listado Deis",
      "description" : "Sexo Listado Deis",
      "exampleBoolean" : false
    },
    {
      "extension" : [{
        "url" : "http://hl7.org/fhir/tools/StructureDefinition/resource-information",
        "valueString" : "ValueSet"
      }],
      "reference" : {
        "reference" : "ValueSet/VSTipoIdentificador"
      },
      "name" : "Tipo Identificador",
      "description" : "Tipo Identificador",
      "exampleBoolean" : false
    },
    {
      "extension" : [{
        "url" : "http://hl7.org/fhir/tools/StructureDefinition/resource-information",
        "valueString" : "CodeSystem"
      }],
      "reference" : {
        "reference" : "CodeSystem/CSTipoIdentificador"
      },
      "name" : "Tipo Identificador",
      "description" : "Tipo Identificador",
      "exampleBoolean" : false
    },
    {
      "extension" : [{
        "url" : "http://hl7.org/fhir/tools/StructureDefinition/resource-information",
        "valueString" : "ValueSet"
      }],
      "reference" : {
        "reference" : "ValueSet/VSTiposDocumentos"
      },
      "name" : "Tipos de Documentos",
      "description" : "Tipos de Documentos para identificación según tabla HL7 V3 y CodeSystem local.",
      "exampleBoolean" : false
    },
    {
      "extension" : [{
        "url" : "http://hl7.org/fhir/tools/StructureDefinition/resource-information",
        "valueString" : "ValueSet"
      }],
      "reference" : {
        "reference" : "ValueSet/VSTiposDocClinico"
      },
      "name" : "Tipos de Documentos Clínicos",
      "description" : "Tipos de Documentos clínicos para Composition. Se trae todo Loinc, se requerirá un VS específico",
      "exampleBoolean" : false
    },
    {
      "extension" : [{
        "url" : "http://hl7.org/fhir/tools/StructureDefinition/resource-information",
        "valueString" : "ValueSet"
      }],
      "reference" : {
        "reference" : "ValueSet/VSTiposEncuentroCL"
      },
      "name" : "Tipos de Encuentro",
      "description" : "Códigos de Encuentros según MINSAL",
      "exampleBoolean" : false
    },
    {
      "extension" : [{
        "url" : "http://hl7.org/fhir/tools/StructureDefinition/resource-information",
        "valueString" : "CodeSystem"
      }],
      "reference" : {
        "reference" : "CodeSystem/CSTiposEncuentroCL"
      },
      "name" : "Tipos de Encuentro",
      "description" : "Códigos de Encuentros según MINSAL",
      "exampleBoolean" : false
    },
    {
      "extension" : [{
        "url" : "http://hl7.org/fhir/tools/StructureDefinition/resource-information",
        "valueString" : "ValueSet"
      }],
      "reference" : {
        "reference" : "ValueSet/VSTiposServicio"
      },
      "name" : "Tipos de Servicios Remotos",
      "description" : "Tipos de Servicios para encuentro remoto según CodeSystem local",
      "exampleBoolean" : false
    },
    {
      "extension" : [{
        "url" : "http://hl7.org/fhir/tools/StructureDefinition/resource-information",
        "valueString" : "CodeSystem"
      }],
      "reference" : {
        "reference" : "CodeSystem/CSCodigoServicio"
      },
      "name" : "Tipos de Servicios Remotos",
      "description" : "Códigos para los Servicios realizados en un encuentro remoto según indicaciones del Ministerio de Salud",
      "exampleBoolean" : false
    },
    {
      "extension" : [{
        "url" : "http://hl7.org/fhir/tools/StructureDefinition/resource-information",
        "valueString" : "ValueSet"
      }],
      "reference" : {
        "reference" : "ValueSet/VSTiposVacunas"
      },
      "name" : "Tipos de Vacunas RNI",
      "description" : "Tipos de Vacunas utilizadas en Chile según CodeSystem local",
      "exampleBoolean" : false
    }],
    "page" : {
      "extension" : [{
        "url" : "http://hl7.org/fhir/tools/StructureDefinition/ig-page-name",
        "valueUrl" : "toc.html"
      }],
      "nameUrl" : "toc.html",
      "title" : "Table of Contents",
      "generation" : "html",
      "page" : [{
        "extension" : [{
          "url" : "http://hl7.org/fhir/tools/StructureDefinition/ig-page-name",
          "valueUrl" : "index.html"
        }],
        "nameUrl" : "index.html",
        "title" : "Inicio",
        "generation" : "markdown"
      },
      {
        "extension" : [{
          "url" : "http://hl7.org/fhir/tools/StructureDefinition/ig-page-name",
          "valueUrl" : "Alcances-Objetivos.html"
        }],
        "nameUrl" : "Alcances-Objetivos.html",
        "title" : "Objetivos",
        "generation" : "markdown"
      },
      {
        "extension" : [{
          "url" : "http://hl7.org/fhir/tools/StructureDefinition/ig-page-name",
          "valueUrl" : "Notas-MS.html"
        }],
        "nameUrl" : "Notas-MS.html",
        "title" : "Notas del Must Support",
        "generation" : "markdown"
      },
      {
        "extension" : [{
          "url" : "http://hl7.org/fhir/tools/StructureDefinition/ig-page-name",
          "valueUrl" : "Aspectos-Generales.html"
        }],
        "nameUrl" : "Aspectos-Generales.html",
        "title" : "Generalidades",
        "generation" : "markdown"
      },
      {
        "extension" : [{
          "url" : "http://hl7.org/fhir/tools/StructureDefinition/ig-page-name",
          "valueUrl" : "changes.html"
        }],
        "nameUrl" : "changes.html",
        "title" : "Historial de Cambios",
        "generation" : "markdown"
      }]
    },
    "parameter" : [{
      "code" : "path-resource",
      "value" : "input/capabilities"
    },
    {
      "code" : "path-resource",
      "value" : "input/examples"
    },
    {
      "code" : "path-resource",
      "value" : "input/extensions"
    },
    {
      "code" : "path-resource",
      "value" : "input/models"
    },
    {
      "code" : "path-resource",
      "value" : "input/operations"
    },
    {
      "code" : "path-resource",
      "value" : "input/profiles"
    },
    {
      "code" : "path-resource",
      "value" : "input/resources"
    },
    {
      "code" : "path-resource",
      "value" : "input/vocabulary"
    },
    {
      "code" : "path-resource",
      "value" : "input/maps"
    },
    {
      "code" : "path-resource",
      "value" : "input/testing"
    },
    {
      "code" : "path-resource",
      "value" : "input/history"
    },
    {
      "code" : "path-resource",
      "value" : "fsh-generated/resources"
    },
    {
      "code" : "path-pages",
      "value" : "template/config"
    },
    {
      "code" : "path-pages",
      "value" : "input/images"
    },
    {
      "code" : "path-tx-cache",
      "value" : "input-cache/txcache"
    }]
  }
}