{
  "resourceType" : "PractitionerRole",
  "id" : "EjemploEspecialidadCL",
  "meta" : {
    "profile" : ["https://hl7chile.cl/fhir/ig/clcore/StructureDefinition/CoreRolClinicoCl"]
  },
  "text" : {
    "status" : "generated",
    "div" : "<div xmlns=\"http://www.w3.org/1999/xhtml\"><p><b>Generated Narrative: PractitionerRole </b><a name=\"EjemploEspecialidadCL\"> </a><a name=\"hcEjemploEspecialidadCL\"> </a></p><div style=\"display: inline-block; background-color: #d9e0e7; padding: 6px; margin: 4px; border: 1px solid #8da1b4; border-radius: 5px; line-height: 60%\"><p style=\"margin-bottom: 0px\">ResourcePractitionerRole &quot;EjemploEspecialidadCL&quot; </p><p style=\"margin-bottom: 0px\">Profile: <a href=\"StructureDefinition-CoreRolClinicoCl.html\">CL RolClinico</a></p></div><p><b>active</b>: true</p><p><b>practitioner</b>: <a href=\"Practitioner-EjemploPrestadorCL.html\">Practitioner/EjemploPrestadorCL</a> &quot; SILVA&quot;</p><p><b>organization</b>: <a href=\"Organization-OrganizacionClEjemplo1.html\">Organization/OrganizacionClEjemplo1</a> &quot;Centro de Salud Familiar Arauco&quot;</p><p><b>specialty</b>: Oncología <span style=\"background: LightGoldenRodYellow; margin: 4px; border: 1px solid khaki\"> (<a href=\"CodeSystem-CSEspecialidadesDeisCL.html\">Códigos de Especialidades</a>#45 &quot;Oncología Médica&quot;)</span></p></div>"
  },
  "active" : true,
  "practitioner" : {
    "reference" : "Practitioner/EjemploPrestadorCL"
  },
  "organization" : {
    "reference" : "Organization/OrganizacionClEjemplo1"
  },
  "specialty" : [{
    "coding" : [{
      "system" : "https://hl7chile.cl/fhir/ig/clcore/CodeSystem/CSEspecialidadesDeisCL",
      "code" : "45",
      "display" : "Oncología Médica"
    }],
    "text" : "Oncología"
  }]
}