{
  "resourceType" : "ValueSet",
  "id" : "VSRazonNOTinm",
  "text" : {
    "status" : "generated",
    "div" : "<div xmlns=\"http://www.w3.org/1999/xhtml\"><p class=\"res-header-id\"><b>Generated Narrative: ValueSet VSRazonNOTinm</b></p><a name=\"VSRazonNOTinm\"> </a><a name=\"hcVSRazonNOTinm\"> </a><a name=\"VSRazonNOTinm-es-CL\"> </a><ul><li>Include all codes defined in <a href=\"CodeSystem-CSRazonNOTinm.html\"><code>https://hl7chile.cl/fhir/ig/clcore/CodeSystem/CSRazonNOTinm</code></a></li></ul></div>"
  },
  "url" : "https://hl7chile.cl/fhir/ig/clcore/ValueSet/VSRazonNOTinm",
  "version" : "1.8.12",
  "name" : "VSRazonNOTinmCL",
  "title" : "Razones no Inmunización",
  "status" : "active",
  "experimental" : false,
  "date" : "2022-06-08T00:00:00-03:00",
  "publisher" : "HL7 Chile",
  "contact" : [{
    "name" : "HL7 Chile",
    "telecom" : [{
      "system" : "url",
      "value" : "http://hl7chile.cl"
    },
    {
      "system" : "email",
      "value" : "chair@hl7chile.cl"
    }]
  }],
  "description" : "Razones por la que no se lleva a cabo la administración de una vacuna o registro de una inmunización según CodeSystem local",
  "jurisdiction" : [{
    "coding" : [{
      "system" : "urn:iso:std:iso:3166",
      "code" : "CL",
      "display" : "Chile"
    }]
  }],
  "copyright" : "Usado con el permiso de HL7 International, todos los derechos resevados en los Licencias de HL7 Internacional.",
  "compose" : {
    "include" : [{
      "system" : "https://hl7chile.cl/fhir/ig/clcore/CodeSystem/CSRazonNOTinm"
    }]
  }
}