{
  "resourceType" : "ValueSet",
  "id" : "VSTipoIdentificador",
  "text" : {
    "status" : "generated",
    "div" : "<div xmlns=\"http://www.w3.org/1999/xhtml\"><p class=\"res-header-id\"><b>Generated Narrative: ValueSet VSTipoIdentificador</b></p><a name=\"VSTipoIdentificador\"> </a><a name=\"hcVSTipoIdentificador\"> </a><a name=\"VSTipoIdentificador-es-CL\"> </a><ul><li>Include all codes defined in <a href=\"CodeSystem-CSTipoIdentificador.html\"><code>https://hl7chile.cl/fhir/ig/clcore/CodeSystem/CSTipoIdentificador</code></a></li></ul></div>"
  },
  "url" : "https://hl7chile.cl/fhir/ig/clcore/ValueSet/VSTipoIdentificador",
  "version" : "1.9.0",
  "name" : "VSTipoIdentificador",
  "title" : "Tipo Identificador",
  "status" : "active",
  "experimental" : false,
  "date" : "2023-07-03T00:00:00-03:00",
  "publisher" : "HL7 Chile",
  "contact" : [{
    "name" : "HL7 Chile",
    "telecom" : [{
      "system" : "url",
      "value" : "http://hl7chile.cl"
    },
    {
      "system" : "email",
      "value" : "chair@hl7chile.cl"
    }]
  }],
  "description" : "Tipo Identificador",
  "jurisdiction" : [{
    "coding" : [{
      "system" : "urn:iso:std:iso:3166",
      "code" : "CL",
      "display" : "Chile"
    }]
  }],
  "copyright" : "Usado con el permiso de HL7 International, todos los derechos resevados en los Licencias de HL7 Internacional.",
  "compose" : {
    "include" : [{
      "system" : "https://hl7chile.cl/fhir/ig/clcore/CodeSystem/CSTipoIdentificador"
    }]
  }
}