{
  "resourceType" : "ValueSet",
  "id" : "VSCodigosProvinciasCL",
  "text" : {
    "status" : "generated",
    "div" : "<div xmlns=\"http://www.w3.org/1999/xhtml\"><p class=\"res-header-id\"><b>Generated Narrative: ValueSet VSCodigosProvinciasCL</b></p><a name=\"VSCodigosProvinciasCL\"> </a><a name=\"hcVSCodigosProvinciasCL\"> </a><a name=\"VSCodigosProvinciasCL-es-CL\"> </a><ul><li>Include all codes defined in <a href=\"CodeSystem-CSCodProvinciasCL.html\"><code>https://hl7chile.cl/fhir/ig/clcore/CodeSystem/CSCodProvinciasCL</code></a></li></ul></div>"
  },
  "url" : "https://hl7chile.cl/fhir/ig/clcore/ValueSet/VSCodigosProvinciasCL",
  "version" : "1.9.0",
  "name" : "VSCodigosProvinciasCL",
  "title" : "Códigos de Provincias en Chile",
  "status" : "active",
  "experimental" : false,
  "date" : "2022-01-18T00:00:00-03:00",
  "publisher" : "HL7 Chile",
  "contact" : [{
    "name" : "HL7 Chile",
    "telecom" : [{
      "system" : "url",
      "value" : "http://hl7chile.cl"
    },
    {
      "system" : "email",
      "value" : "chair@hl7chile.cl"
    }]
  }],
  "description" : "Códigos de Provincias para Chile según Códigos Únicos Territoriales Actualizados, por Decreto exento No 817 del Ministerio del Interior",
  "jurisdiction" : [{
    "coding" : [{
      "system" : "urn:iso:std:iso:3166",
      "code" : "CL",
      "display" : "Chile"
    }]
  }],
  "copyright" : "Usado con el permiso de HL7 International, todos los derechos resevados en los Licencias de HL7 Internacional.",
  "compose" : {
    "include" : [{
      "system" : "https://hl7chile.cl/fhir/ig/clcore/CodeSystem/CSCodProvinciasCL"
    }]
  }
}